CREATE DATABASE  IF NOT EXISTS `kiddos` /*!40100 DEFAULT CHARACTER SET utf8 */;
USE `kiddos`;
-- MySQL dump 10.13  Distrib 5.7.9, for Win64 (x86_64)
--
-- Host: localhost    Database: kiddos
-- ------------------------------------------------------
-- Server version	5.7.12-log

/*!40101 SET @OLD_CHARACTER_SET_CLIENT=@@CHARACTER_SET_CLIENT */;
/*!40101 SET @OLD_CHARACTER_SET_RESULTS=@@CHARACTER_SET_RESULTS */;
/*!40101 SET @OLD_COLLATION_CONNECTION=@@COLLATION_CONNECTION */;
/*!40101 SET NAMES utf8 */;
/*!40103 SET @OLD_TIME_ZONE=@@TIME_ZONE */;
/*!40103 SET TIME_ZONE='+00:00' */;
/*!40014 SET @OLD_UNIQUE_CHECKS=@@UNIQUE_CHECKS, UNIQUE_CHECKS=0 */;
/*!40014 SET @OLD_FOREIGN_KEY_CHECKS=@@FOREIGN_KEY_CHECKS, FOREIGN_KEY_CHECKS=0 */;
/*!40101 SET @OLD_SQL_MODE=@@SQL_MODE, SQL_MODE='NO_AUTO_VALUE_ON_ZERO' */;
/*!40111 SET @OLD_SQL_NOTES=@@SQL_NOTES, SQL_NOTES=0 */;

--
-- Table structure for table `admission`
--

DROP TABLE IF EXISTS `admission`;
/*!40101 SET @saved_cs_client     = @@character_set_client */;
/*!40101 SET character_set_client = utf8 */;
CREATE TABLE `admission` (
  `id` bigint(20) NOT NULL AUTO_INCREMENT,
  `admission_date` datetime DEFAULT NULL,
  `discount` int(11) NOT NULL,
  `joining_date` datetime DEFAULT NULL,
  `notes` varchar(400) DEFAULT NULL,
  `version` int(11) DEFAULT NULL,
  `child` bigint(20) NOT NULL,
  `transport_arrival` bigint(20) DEFAULT NULL,
  `transport_departure` bigint(20) DEFAULT NULL,
  `transportation` bigint(20) DEFAULT NULL,
  `creation_ts` timestamp NOT NULL DEFAULT CURRENT_TIMESTAMP,
  `update_ts` timestamp NOT NULL DEFAULT CURRENT_TIMESTAMP ON UPDATE CURRENT_TIMESTAMP,
  `admission_fee` int(11) NOT NULL,
  PRIMARY KEY (`id`),
  KEY `FK_sa84e3w8gpbm80tbyb4k47b4u` (`child`),
  KEY `FK_aaarxboba5reykba7j45e43sp` (`transportation`),
  KEY `FK_1c9kd3wv5tvcn23jckw6cclss` (`transport_arrival`),
  KEY `FK_78m2rbjakbohxxcmeplv5jd86` (`transport_departure`),
  CONSTRAINT `FK_1c9kd3wv5tvcn23jckw6cclss` FOREIGN KEY (`transport_arrival`) REFERENCES `transportation` (`id`),
  CONSTRAINT `FK_78m2rbjakbohxxcmeplv5jd86` FOREIGN KEY (`transport_departure`) REFERENCES `transportation` (`id`),
  CONSTRAINT `FK_aaarxboba5reykba7j45e43sp` FOREIGN KEY (`transportation`) REFERENCES `transportation` (`id`),
  CONSTRAINT `FK_sa84e3w8gpbm80tbyb4k47b4u` FOREIGN KEY (`child`) REFERENCES `child` (`id`)
) ENGINE=InnoDB AUTO_INCREMENT=253 DEFAULT CHARSET=utf8;
/*!40101 SET character_set_client = @saved_cs_client */;

--
-- Dumping data for table `admission`
--

LOCK TABLES `admission` WRITE;
/*!40000 ALTER TABLE `admission` DISABLE KEYS */;
INSERT INTO `admission` VALUES (2,'2016-05-01 00:00:00',0,'2016-05-01 00:00:00','',1,2,817,838,NULL,'2016-05-17 10:40:49','2016-05-17 11:07:28',0),(3,'2016-05-01 00:00:00',0,'2016-05-01 00:00:00','',2,3,817,838,NULL,'2016-05-17 10:40:49','2016-05-17 11:07:28',0),(4,'2016-05-01 00:00:00',0,'2016-05-01 00:00:00','',0,4,817,838,NULL,'2016-05-17 10:40:49','2016-05-17 11:07:28',0),(5,'2016-05-01 00:00:00',0,'2016-05-01 00:00:00','',0,5,1,1,NULL,'2016-05-17 10:40:49','2016-05-17 11:07:28',0),(6,'2016-05-01 00:00:00',0,'2016-05-01 00:00:00','',0,6,1,1,NULL,'2016-05-17 10:40:49','2016-05-17 11:07:28',0),(7,'2016-05-01 00:00:00',0,'2016-05-01 00:00:00','',1,7,817,838,NULL,'2016-05-17 10:40:49','2016-05-17 11:07:28',0),(8,'2016-05-01 00:00:00',0,'2016-05-01 00:00:00','',1,8,817,838,NULL,'2016-05-17 10:40:49','2016-05-17 11:07:28',0),(9,'2016-05-01 00:00:00',0,'2016-05-01 00:00:00','',0,9,817,838,NULL,'2016-05-17 10:40:49','2016-05-17 11:07:28',0),(10,'2016-05-01 00:00:00',0,'2016-05-01 00:00:00','',1,10,817,838,NULL,'2016-05-17 10:40:49','2016-05-17 11:07:28',0),(11,'2016-05-01 00:00:00',0,'2016-05-01 00:00:00','',0,11,819,840,NULL,'2016-05-17 10:40:49','2016-05-17 11:07:28',0),(12,'2016-05-01 00:00:00',0,'2016-05-01 00:00:00','',0,12,1,1,NULL,'2016-05-17 10:40:49','2016-05-17 11:07:28',0),(13,'2016-05-01 00:00:00',0,'2016-05-01 00:00:00','',0,13,1,1,NULL,'2016-05-17 10:40:49','2016-05-17 11:07:28',0),(14,'2016-05-01 00:00:00',0,'2016-05-01 00:00:00','',0,14,819,840,NULL,'2016-05-17 10:40:49','2016-05-17 11:07:28',0),(15,'2016-05-01 00:00:00',0,'2016-05-01 00:00:00','',0,15,1,1,NULL,'2016-05-17 10:40:49','2016-05-17 11:07:28',0),(16,'2016-05-01 00:00:00',0,'2016-05-01 00:00:00','',0,16,1,1,NULL,'2016-05-17 10:40:49','2016-05-17 11:07:28',0),(17,'2016-05-01 00:00:00',0,'2016-05-01 00:00:00','',1,17,1,1,NULL,'2016-05-17 10:40:49','2016-05-17 11:07:28',0),(18,'2016-05-01 00:00:00',0,'2016-05-01 00:00:00','',0,18,1,1,NULL,'2016-05-17 10:40:49','2016-05-17 11:07:28',0),(19,'2016-05-01 00:00:00',0,'2016-05-01 00:00:00','',0,19,819,840,NULL,'2016-05-17 10:40:49','2016-05-17 11:07:28',0),(20,'2016-05-01 00:00:00',0,'2016-05-01 00:00:00','',0,20,817,838,NULL,'2016-05-17 10:40:49','2016-05-17 11:07:28',0),(21,'2016-05-01 00:00:00',0,'2016-05-01 00:00:00','',0,21,1,1,NULL,'2016-05-17 10:40:49','2016-05-17 11:07:28',0),(22,'2016-05-01 00:00:00',0,'2016-05-01 00:00:00','',0,22,819,840,NULL,'2016-05-17 10:40:49','2016-05-17 11:07:28',0),(23,'2016-05-01 00:00:00',0,'2016-05-01 00:00:00','',0,23,1,1,NULL,'2016-05-17 10:40:49','2016-05-17 11:07:28',0),(24,'2016-05-01 00:00:00',0,'2016-05-01 00:00:00','In one list she was in morning L1',2,24,1,1,NULL,'2016-05-17 10:40:49','2016-05-17 11:07:28',0),(25,'2016-05-01 00:00:00',0,'2016-05-01 00:00:00','',0,25,1,1,NULL,'2016-05-17 10:40:49','2016-05-17 11:07:28',0),(26,'2016-05-01 00:00:00',0,'2016-05-01 00:00:00','',1,26,817,838,NULL,'2016-05-17 10:40:49','2016-05-17 11:07:28',0),(27,'2016-05-01 00:00:00',0,'2016-05-01 00:00:00','',0,27,817,838,NULL,'2016-05-17 10:40:49','2016-05-17 11:07:28',0),(28,'2016-05-01 00:00:00',0,'2016-05-01 00:00:00','',0,28,817,838,NULL,'2016-05-17 10:40:49','2016-05-17 11:07:28',0),(29,'2016-05-01 00:00:00',0,'2016-05-01 00:00:00','',0,29,818,839,NULL,'2016-05-17 10:40:49','2016-05-17 11:07:28',0),(30,'2016-05-01 00:00:00',0,'2016-05-01 00:00:00','',0,30,1,1,NULL,'2016-05-17 10:40:49','2016-05-17 11:07:28',0),(31,'2016-05-01 00:00:00',0,'2016-05-01 00:00:00','',0,31,818,839,NULL,'2016-05-17 10:40:49','2016-05-17 11:07:28',0),(32,'2016-05-01 00:00:00',0,'2016-05-01 00:00:00','',0,32,820,841,NULL,'2016-05-17 10:40:49','2016-05-17 11:07:28',0),(33,'2016-05-01 00:00:00',0,'2016-05-01 00:00:00','',0,33,818,839,NULL,'2016-05-17 10:40:49','2016-05-17 11:07:28',0),(34,'2016-05-01 00:00:00',0,'2016-05-01 00:00:00','',0,34,818,839,NULL,'2016-05-17 10:40:49','2016-05-17 11:07:28',0),(35,'2016-05-01 00:00:00',0,'2016-05-01 00:00:00','',0,35,820,841,NULL,'2016-05-17 10:40:49','2016-05-17 11:07:28',0),(36,'2016-05-01 00:00:00',0,'2016-05-01 00:00:00','',0,36,818,839,NULL,'2016-05-17 10:40:49','2016-05-17 11:07:28',0),(37,'2016-05-01 00:00:00',0,'2016-05-01 00:00:00','',0,37,1,1,NULL,'2016-05-17 10:40:49','2016-05-17 11:07:28',0),(38,'2016-05-01 00:00:00',0,'2016-05-01 00:00:00','',1,38,1,1,NULL,'2016-05-17 10:40:49','2016-05-17 11:07:28',0),(39,'2016-05-01 00:00:00',0,'2016-05-01 00:00:00','',0,39,820,841,NULL,'2016-05-17 10:40:49','2016-05-17 11:07:28',0),(40,'2016-05-01 00:00:00',0,'2016-05-01 00:00:00','',0,40,820,841,NULL,'2016-05-17 10:40:49','2016-05-17 11:07:28',0),(41,'2016-05-01 00:00:00',0,'2016-05-01 00:00:00','',0,41,820,841,NULL,'2016-05-17 10:40:49','2016-05-17 11:07:28',0),(42,'2016-05-01 00:00:00',0,'2016-05-01 00:00:00','',0,42,820,841,NULL,'2016-05-17 10:40:49','2016-05-17 11:07:28',0),(43,'2016-05-01 00:00:00',0,'2016-05-01 00:00:00','',0,43,1,1,NULL,'2016-05-17 10:40:49','2016-05-17 11:07:28',0),(44,'2016-05-01 00:00:00',0,'2016-05-01 00:00:00','',0,44,820,841,NULL,'2016-05-17 10:40:49','2016-05-17 11:07:28',0),(45,'2016-05-01 00:00:00',0,'2016-05-01 00:00:00','',0,45,818,839,NULL,'2016-05-17 10:40:49','2016-05-17 11:07:28',0),(46,'2016-05-01 00:00:00',0,'2016-05-01 00:00:00','',0,46,820,841,NULL,'2016-05-17 10:40:49','2016-05-17 11:07:28',0),(47,'2016-05-01 00:00:00',2400,'2016-05-01 00:00:00','',1,47,818,839,NULL,'2016-05-17 10:40:49','2016-05-17 11:07:28',0),(48,'2016-05-01 00:00:00',0,'2016-05-01 00:00:00','',0,48,818,839,NULL,'2016-05-17 10:40:49','2016-05-17 11:07:28',0),(49,'2016-05-01 00:00:00',0,'2016-05-01 00:00:00','',0,49,818,839,NULL,'2016-05-17 10:40:49','2016-05-17 11:07:28',0),(50,'2016-05-01 00:00:00',0,'2016-05-01 00:00:00','',0,50,818,839,NULL,'2016-05-17 10:40:49','2016-05-17 11:07:28',0),(51,'2016-05-01 00:00:00',0,'2016-05-01 00:00:00','',0,51,818,839,NULL,'2016-05-17 10:40:49','2016-05-17 11:07:28',0),(52,'2016-05-01 00:00:00',0,'2016-05-01 00:00:00','',0,52,818,839,NULL,'2016-05-17 10:40:49','2016-05-17 11:07:28',0),(53,'2016-05-01 00:00:00',0,'2016-05-01 00:00:00','',0,53,820,841,NULL,'2016-05-17 10:40:49','2016-05-17 11:07:28',0),(62,'2016-05-06 00:00:00',0,'2016-05-09 00:00:00','',0,55,1,1,NULL,'2016-05-17 10:40:49','2016-05-17 11:07:28',0),(63,'2016-05-16 00:00:00',0,'2016-05-16 00:00:00','',0,60,1,1,NULL,'2016-05-17 10:40:49','2016-05-17 11:07:28',0),(65,'2016-05-09 00:00:00',0,'2016-05-10 00:00:00','',0,54,818,839,NULL,'2016-05-17 10:40:49','2016-05-22 07:48:27',0),(67,'2016-05-14 00:00:00',0,'2016-05-16 00:00:00','',1,61,1,1,NULL,'2016-05-17 10:40:49','2016-05-17 11:07:28',0),(91,'2016-05-14 00:00:00',0,'2016-05-16 00:00:00','',0,87,819,840,NULL,'2016-05-17 10:40:49','2016-05-17 11:07:28',0),(92,'2016-05-14 00:00:00',0,'2016-05-16 00:00:00','',1,90,820,841,NULL,'2016-05-17 10:40:49','2016-05-17 11:07:28',0),(93,'2016-05-15 00:00:00',0,'2016-05-16 00:00:00','',0,89,819,840,NULL,'2016-05-17 10:40:49','2016-05-17 11:07:28',0),(94,'2016-05-14 00:00:00',0,'2016-05-16 00:00:00','',1,88,819,840,NULL,'2016-05-17 10:40:49','2016-05-17 11:07:28',0),(96,'2016-05-01 00:00:00',0,'2016-05-01 00:00:00','day care',0,92,817,838,NULL,'2016-05-17 10:40:49','2016-05-17 11:07:28',0),(106,'2016-05-16 00:00:00',0,'2016-05-16 00:00:00','',0,99,819,840,NULL,'2016-05-17 10:40:49','2016-05-17 11:07:28',0),(107,'2016-05-16 00:00:00',0,'2016-05-16 00:00:00','',1,100,819,840,NULL,'2016-05-17 10:40:49','2016-05-17 11:07:28',0),(111,'2016-05-17 00:00:00',0,'2016-05-18 00:00:00','',4,104,819,840,NULL,'2016-05-17 10:40:49','2016-05-26 06:47:53',0),(112,NULL,0,NULL,'',0,10,1,1,NULL,'2016-05-21 11:05:57','2016-05-22 07:50:15',2500),(113,NULL,0,NULL,'',0,6,1,1,NULL,'2016-05-21 11:08:55','2016-05-22 07:50:15',2500),(114,NULL,0,NULL,'',0,26,1,1,NULL,'2016-05-21 11:09:32','2016-05-22 07:50:15',2500),(115,NULL,0,NULL,'',0,104,1,1,NULL,'2016-05-21 11:10:06','2016-05-22 07:50:15',2500),(116,NULL,0,NULL,'',1,37,865,861,NULL,'2016-05-21 11:10:43','2016-06-10 10:46:53',2500),(119,NULL,0,NULL,'',1,4,864,866,NULL,'2016-05-21 11:13:05','2016-06-10 10:45:11',6500),(157,'2016-03-19 00:00:00',0,NULL,'',0,108,1,1,NULL,'2016-05-22 03:53:47','2016-05-22 07:50:15',2500),(158,'2016-03-19 00:00:00',0,NULL,'',0,109,1,1,NULL,'2016-05-22 03:54:16','2016-05-22 07:50:15',2500),(159,'2016-04-21 00:00:00',0,NULL,'',0,110,1,1,NULL,'2016-05-22 04:10:09','2016-05-22 07:50:15',2500),(160,'2016-05-09 00:00:00',0,NULL,'',1,111,865,861,NULL,'2016-05-22 04:10:51','2016-06-10 10:41:19',2500),(162,NULL,0,NULL,'',1,113,1,1,NULL,'2016-05-22 04:12:42','2016-05-24 06:37:26',2500),(163,'2016-05-22 00:00:00',0,NULL,'',2,18,1,1,NULL,'2016-05-22 05:19:05','2016-06-14 14:09:10',2500),(166,'2016-05-05 00:00:00',0,NULL,'',1,536,862,866,NULL,'2016-05-24 14:26:30','2016-06-10 10:47:56',2500),(167,'2016-01-30 00:00:00',0,NULL,'',0,115,1,1,NULL,'2016-05-24 14:42:14','2016-05-24 14:42:14',2500),(168,NULL,0,NULL,'',0,116,1,1,NULL,'2016-05-24 14:42:51','2016-05-24 14:42:51',2500),(169,'2016-03-17 00:00:00',0,NULL,'',0,117,1,1,NULL,'2016-05-24 14:43:31','2016-05-24 14:43:31',2500),(170,'2016-03-31 00:00:00',0,NULL,'',0,118,1,1,NULL,'2016-05-24 14:44:14','2016-05-24 14:44:14',2500),(171,'2016-04-04 00:00:00',0,NULL,'',0,119,1,1,NULL,'2016-05-24 14:44:47','2016-05-24 14:44:47',2500),(172,'2016-04-18 00:00:00',0,NULL,'',0,120,1,1,NULL,'2016-05-24 14:45:24','2016-05-24 14:45:24',2500),(173,'2016-05-11 00:00:00',0,NULL,'',1,121,865,861,NULL,'2016-05-24 14:46:13','2016-06-10 10:10:58',2500),(174,'2016-05-12 00:00:00',0,NULL,'',0,60,1,1,NULL,'2016-05-24 14:47:05','2016-05-24 14:47:05',2500),(175,'2016-05-16 00:00:00',0,NULL,'',0,122,1,1,NULL,'2016-05-24 14:47:30','2016-05-24 14:47:30',2500),(179,'2016-02-20 00:00:00',0,'2016-06-22 00:00:00','',2,124,1,1,NULL,'2016-05-25 09:18:00','2016-05-25 09:21:00',6500),(180,'2016-02-24 00:00:00',0,'2016-06-15 00:00:00','\r\n',0,125,1,1,NULL,'2016-05-25 11:34:29','2016-05-25 11:34:29',6500),(182,'2016-04-02 00:00:00',0,NULL,'',1,126,1,1,NULL,'2016-05-25 11:39:12','2016-05-25 11:41:32',6500),(183,'2016-04-02 00:00:00',0,NULL,'',0,127,1,1,NULL,'2016-05-25 11:43:55','2016-05-25 11:43:55',6500),(184,'2016-04-02 00:00:00',0,NULL,'',0,128,1,1,NULL,'2016-05-25 11:52:56','2016-05-25 11:52:56',6500),(185,'2016-04-04 00:00:00',0,NULL,'',0,129,1,1,NULL,'2016-05-25 12:01:51','2016-05-25 12:01:51',0),(186,'2016-04-30 00:00:00',0,NULL,'',1,130,864,866,NULL,'2016-05-25 12:06:24','2016-06-10 10:46:03',0),(187,'2016-04-30 00:00:00',0,NULL,'',0,15,1,1,NULL,'2016-05-25 12:13:15','2016-05-25 12:13:15',0),(188,'2016-05-10 00:00:00',0,NULL,'',0,131,1,1,NULL,'2016-05-25 12:18:29','2016-05-25 12:18:29',0),(189,'2016-03-12 00:00:00',0,NULL,'',0,132,1,1,NULL,'2016-05-25 12:27:36','2016-05-25 12:27:36',0),(190,'2016-04-01 00:00:00',0,NULL,'',2,133,865,861,NULL,'2016-05-25 12:31:38','2016-06-10 08:52:23',0),(191,'2016-01-25 00:00:00',0,NULL,'',1,134,865,861,NULL,'2016-05-25 12:33:00','2016-06-10 08:51:16',0),(192,'2016-04-16 00:00:00',0,NULL,'',2,136,865,861,NULL,'2016-05-25 12:33:34','2016-06-10 08:51:42',0),(193,'2016-04-16 00:00:00',0,NULL,'',0,137,1,1,NULL,'2016-05-25 12:34:29','2016-05-25 12:34:29',0),(194,'2016-04-25 00:00:00',0,NULL,'',0,138,1,1,NULL,'2016-05-25 12:35:12','2016-05-25 12:35:12',0),(195,'2016-04-25 00:00:00',0,NULL,'',1,537,1,1,NULL,'2016-05-25 12:36:54','2016-05-25 12:37:42',0),(196,'2015-12-28 00:00:00',0,NULL,'',0,123,1,1,NULL,'2016-05-25 12:57:07','2016-05-25 12:57:07',6500),(197,'2016-04-16 00:00:00',0,NULL,'',0,135,1,1,NULL,'2016-05-25 13:04:05','2016-05-25 13:04:05',6500),(208,'2016-05-26 00:00:00',0,NULL,'',0,1453,1,1,NULL,'2016-05-26 14:58:56','2016-05-26 14:58:56',2500),(214,'2016-05-28 00:00:00',0,NULL,'',0,1909,1,1,NULL,'2016-05-28 13:23:48','2016-05-28 13:23:48',6500),(215,'2016-03-17 00:00:00',0,NULL,'',0,38,1,1,NULL,'2016-05-31 14:50:55','2016-05-31 14:50:55',2500),(216,'2016-04-25 00:00:00',0,NULL,'',0,105,1,1,NULL,'2016-05-31 14:54:33','2016-05-31 14:54:33',2500),(217,'2016-05-31 00:00:00',0,NULL,'',1,1910,1,1,NULL,'2016-05-31 15:05:58','2016-05-31 15:10:25',6500),(218,'2016-06-02 00:00:00',0,NULL,'',1,1911,1,1,NULL,'2016-06-03 11:28:48','2016-06-03 11:34:05',30500),(219,'2016-06-03 00:00:00',0,NULL,'',1,1912,817,838,NULL,'2016-06-03 15:36:52','2016-06-09 07:27:25',6500),(220,'2016-05-30 00:00:00',0,NULL,'',1,1913,817,866,NULL,'2016-06-04 10:50:43','2016-06-04 10:51:15',26500),(221,'2016-05-13 00:00:00',0,NULL,'',2,112,865,861,NULL,'2016-06-04 12:13:02','2016-06-10 10:06:16',2500),(222,NULL,0,NULL,'',0,1916,1,1,NULL,'2016-06-04 12:46:31','2016-06-04 12:46:31',6500),(223,'2016-06-01 00:00:00',0,'2016-06-01 00:00:00','',0,1917,1,1,NULL,'2016-06-04 17:00:14','2016-06-04 17:00:14',7800),(224,'2016-04-01 00:00:00',0,'2016-04-04 00:00:00','',0,1918,1,1,NULL,'2016-06-04 17:13:48','2016-06-04 17:13:48',0),(225,'2015-09-07 00:00:00',0,'2015-09-07 00:00:00','',0,537,1,1,NULL,'2016-06-04 19:07:54','2016-06-04 19:07:54',15500),(226,'2015-07-19 00:00:00',0,NULL,'',0,138,1,1,NULL,'2016-06-04 19:11:28','2016-06-04 19:11:28',15500),(228,'2015-08-22 00:00:00',0,NULL,'',0,105,1,1,NULL,'2016-06-04 19:22:03','2016-06-04 19:22:03',13900),(229,NULL,0,NULL,'',1,118,1,1,NULL,'2016-06-04 19:26:15','2016-06-04 19:27:29',13900),(230,'2016-06-04 00:00:00',0,NULL,'',0,1920,1,1,NULL,'2016-06-06 13:24:19','2016-06-06 13:24:19',2500),(231,'2016-03-11 00:00:00',0,NULL,'',1,1921,1,1,NULL,'2016-06-07 05:11:01','2016-06-07 05:19:42',12500),(233,NULL,0,NULL,'Mon-Fri',0,1922,1,1,NULL,'2016-06-07 08:12:54','2016-06-07 08:12:54',11900),(234,'2016-02-29 00:00:00',0,NULL,'',0,1923,1,1,NULL,'2016-06-07 08:40:42','2016-06-07 08:40:42',8800),(235,'2016-04-11 00:00:00',0,NULL,'',0,1924,1,1,NULL,'2016-06-07 09:24:32','2016-06-07 09:24:32',15500),(236,'2015-08-31 00:00:00',0,NULL,'fees paid for 3 months',0,1926,1,1,NULL,'2016-06-08 07:05:31','2016-06-08 07:05:31',38475),(237,NULL,0,NULL,'',0,1927,1,1,NULL,'2016-06-08 07:25:03','2016-06-08 07:25:03',13900),(238,NULL,0,NULL,'',0,1929,1,1,NULL,'2016-06-08 10:48:09','2016-06-08 10:48:09',13900),(239,'2016-06-07 00:00:00',0,'2016-06-08 00:00:00','',0,1930,1,1,NULL,'2016-06-08 17:18:15','2016-06-08 17:18:15',14500),(240,'2016-06-01 00:00:00',0,'2016-06-02 00:00:00','',0,1931,1,1,NULL,'2016-06-08 17:46:29','2016-06-08 17:46:29',14500),(241,'2016-01-01 00:00:00',0,NULL,'',0,1932,1,1,NULL,'2016-06-08 18:04:59','2016-06-08 18:04:59',14900),(242,'2015-09-21 00:00:00',0,'2015-09-21 00:00:00','',0,1933,1,1,NULL,'2016-06-08 18:27:57','2016-06-08 18:27:57',14900),(243,'2015-08-31 00:00:00',0,'2015-08-31 00:00:00','',0,1934,1,1,NULL,'2016-06-08 18:45:23','2016-06-08 18:45:23',14900),(244,'2016-01-01 00:00:00',0,'2016-01-01 00:00:00','',0,1935,1,1,NULL,'2016-06-08 18:55:07','2016-06-08 18:55:07',15500),(245,'2016-04-25 00:00:00',0,'2016-04-25 00:00:00','',0,1936,1,1,NULL,'2016-06-08 19:11:21','2016-06-08 19:11:21',14900),(246,'2015-12-03 00:00:00',0,'2015-12-03 00:00:00','',0,1937,1,1,NULL,'2016-06-08 19:19:15','2016-06-08 19:19:15',14900),(247,'2016-05-01 00:00:00',0,NULL,'',0,1938,1,1,NULL,'2016-06-09 07:17:37','2016-06-09 07:17:37',13900),(248,NULL,0,NULL,'',0,1939,1,1,NULL,'2016-06-10 11:22:39','2016-06-10 11:22:39',11900),(249,'2016-06-11 00:00:00',0,NULL,'',0,1940,1,1,NULL,'2016-06-11 08:54:15','2016-06-11 08:54:15',6500),(250,'2016-06-11 00:00:00',0,NULL,'',0,1941,1,1,NULL,'2016-06-11 08:57:06','2016-06-11 08:57:06',6500),(251,'2016-06-11 00:00:00',0,NULL,'',0,1942,1,1,NULL,'2016-06-11 08:59:40','2016-06-11 08:59:40',2500),(252,'2016-06-14 00:00:00',0,NULL,'',0,1943,1,1,NULL,'2016-06-14 13:56:55','2016-06-14 13:56:55',6500);
/*!40000 ALTER TABLE `admission` ENABLE KEYS */;
UNLOCK TABLES;

--
-- Table structure for table `admission_aud`
--

DROP TABLE IF EXISTS `admission_aud`;
/*!40101 SET @saved_cs_client     = @@character_set_client */;
/*!40101 SET character_set_client = utf8 */;
CREATE TABLE `admission_aud` (
  `id` bigint(20) NOT NULL,
  `rev` int(11) NOT NULL,
  `revtype` tinyint(4) DEFAULT NULL,
  `admission_date` datetime DEFAULT NULL,
  `discount` int(11) DEFAULT NULL,
  `joining_date` datetime DEFAULT NULL,
  `notes` varchar(400) DEFAULT NULL,
  `child` bigint(20) DEFAULT NULL,
  `transport_arrival` bigint(20) DEFAULT NULL,
  `transport_departure` bigint(20) DEFAULT NULL,
  `creation_ts` timestamp NOT NULL DEFAULT CURRENT_TIMESTAMP,
  `update_ts` datetime DEFAULT NULL,
  `admission_fee` int(11) DEFAULT NULL,
  PRIMARY KEY (`id`,`rev`),
  KEY `FK_jq3fr1lxisnghntji9bdtc386` (`rev`),
  CONSTRAINT `FK_jq3fr1lxisnghntji9bdtc386` FOREIGN KEY (`rev`) REFERENCES `revinfo` (`rev`)
) ENGINE=InnoDB DEFAULT CHARSET=utf8;
/*!40101 SET character_set_client = @saved_cs_client */;

--
-- Dumping data for table `admission_aud`
--

LOCK TABLES `admission_aud` WRITE;
/*!40000 ALTER TABLE `admission_aud` DISABLE KEYS */;
INSERT INTO `admission_aud` VALUES (2,20,2,NULL,NULL,NULL,NULL,NULL,NULL,NULL,'2016-05-21 05:42:25',NULL,NULL),(3,20,2,NULL,NULL,NULL,NULL,NULL,NULL,NULL,'2016-05-21 05:42:25',NULL,NULL),(4,20,2,NULL,NULL,NULL,NULL,NULL,NULL,NULL,'2016-05-21 05:42:25',NULL,NULL),(5,20,2,NULL,NULL,NULL,NULL,NULL,NULL,NULL,'2016-05-21 05:42:25',NULL,NULL),(6,20,2,NULL,NULL,NULL,NULL,NULL,NULL,NULL,'2016-05-21 05:42:25',NULL,NULL),(7,20,2,NULL,NULL,NULL,NULL,NULL,NULL,NULL,'2016-05-21 05:42:25',NULL,NULL),(8,20,2,NULL,NULL,NULL,NULL,NULL,NULL,NULL,'2016-05-21 05:42:25',NULL,NULL),(9,20,2,NULL,NULL,NULL,NULL,NULL,NULL,NULL,'2016-05-21 05:42:25',NULL,NULL),(10,20,2,NULL,NULL,NULL,NULL,NULL,NULL,NULL,'2016-05-21 05:42:25',NULL,NULL),(11,20,2,NULL,NULL,NULL,NULL,NULL,NULL,NULL,'2016-05-21 05:42:25',NULL,NULL),(12,20,2,NULL,NULL,NULL,NULL,NULL,NULL,NULL,'2016-05-21 05:42:25',NULL,NULL),(13,20,2,NULL,NULL,NULL,NULL,NULL,NULL,NULL,'2016-05-21 05:42:25',NULL,NULL),(14,20,2,NULL,NULL,NULL,NULL,NULL,NULL,NULL,'2016-05-21 05:42:25',NULL,NULL),(15,20,2,NULL,NULL,NULL,NULL,NULL,NULL,NULL,'2016-05-21 05:42:25',NULL,NULL),(16,20,2,NULL,NULL,NULL,NULL,NULL,NULL,NULL,'2016-05-21 05:42:25',NULL,NULL),(17,20,2,NULL,NULL,NULL,NULL,NULL,NULL,NULL,'2016-05-21 05:42:25',NULL,NULL),(18,20,2,NULL,NULL,NULL,NULL,NULL,NULL,NULL,'2016-05-21 05:42:25',NULL,NULL),(19,20,2,NULL,NULL,NULL,NULL,NULL,NULL,NULL,'2016-05-21 05:42:25',NULL,NULL),(20,20,2,NULL,NULL,NULL,NULL,NULL,NULL,NULL,'2016-05-21 05:42:25',NULL,NULL),(21,20,2,NULL,NULL,NULL,NULL,NULL,NULL,NULL,'2016-05-21 05:42:25',NULL,NULL),(22,20,2,NULL,NULL,NULL,NULL,NULL,NULL,NULL,'2016-05-21 05:42:25',NULL,NULL),(23,20,2,NULL,NULL,NULL,NULL,NULL,NULL,NULL,'2016-05-21 05:42:25',NULL,NULL),(24,20,2,NULL,NULL,NULL,NULL,NULL,NULL,NULL,'2016-05-21 05:42:25',NULL,NULL),(25,20,2,NULL,NULL,NULL,NULL,NULL,NULL,NULL,'2016-05-21 05:42:25',NULL,NULL),(26,20,2,NULL,NULL,NULL,NULL,NULL,NULL,NULL,'2016-05-21 05:42:25',NULL,NULL),(27,20,2,NULL,NULL,NULL,NULL,NULL,NULL,NULL,'2016-05-21 05:42:25',NULL,NULL),(28,20,2,NULL,NULL,NULL,NULL,NULL,NULL,NULL,'2016-05-21 05:42:25',NULL,NULL),(29,20,2,NULL,NULL,NULL,NULL,NULL,NULL,NULL,'2016-05-21 05:42:26',NULL,NULL),(30,20,2,NULL,NULL,NULL,NULL,NULL,NULL,NULL,'2016-05-21 05:42:26',NULL,NULL),(31,20,2,NULL,NULL,NULL,NULL,NULL,NULL,NULL,'2016-05-21 05:42:26',NULL,NULL),(32,20,2,NULL,NULL,NULL,NULL,NULL,NULL,NULL,'2016-05-21 05:42:26',NULL,NULL),(33,20,2,NULL,NULL,NULL,NULL,NULL,NULL,NULL,'2016-05-21 05:42:26',NULL,NULL),(34,20,2,NULL,NULL,NULL,NULL,NULL,NULL,NULL,'2016-05-21 05:42:26',NULL,NULL),(35,20,2,NULL,NULL,NULL,NULL,NULL,NULL,NULL,'2016-05-21 05:42:26',NULL,NULL),(36,20,2,NULL,NULL,NULL,NULL,NULL,NULL,NULL,'2016-05-21 05:42:26',NULL,NULL),(37,20,2,NULL,NULL,NULL,NULL,NULL,NULL,NULL,'2016-05-21 05:42:26',NULL,NULL),(38,20,2,NULL,NULL,NULL,NULL,NULL,NULL,NULL,'2016-05-21 05:42:26',NULL,NULL),(39,20,2,NULL,NULL,NULL,NULL,NULL,NULL,NULL,'2016-05-21 05:42:25',NULL,NULL),(40,20,2,NULL,NULL,NULL,NULL,NULL,NULL,NULL,'2016-05-21 05:42:25',NULL,NULL),(41,20,2,NULL,NULL,NULL,NULL,NULL,NULL,NULL,'2016-05-21 05:42:26',NULL,NULL),(42,20,2,NULL,NULL,NULL,NULL,NULL,NULL,NULL,'2016-05-21 05:42:26',NULL,NULL),(43,20,2,NULL,NULL,NULL,NULL,NULL,NULL,NULL,'2016-05-21 05:42:26',NULL,NULL),(44,20,2,NULL,NULL,NULL,NULL,NULL,NULL,NULL,'2016-05-21 05:42:25',NULL,NULL),(45,20,2,NULL,NULL,NULL,NULL,NULL,NULL,NULL,'2016-05-21 05:42:25',NULL,NULL),(46,20,2,NULL,NULL,NULL,NULL,NULL,NULL,NULL,'2016-05-21 05:42:26',NULL,NULL),(47,20,2,NULL,NULL,NULL,NULL,NULL,NULL,NULL,'2016-05-21 05:42:26',NULL,NULL),(48,20,2,NULL,NULL,NULL,NULL,NULL,NULL,NULL,'2016-05-21 05:42:25',NULL,NULL),(49,20,2,NULL,NULL,NULL,NULL,NULL,NULL,NULL,'2016-05-21 05:42:26',NULL,NULL),(50,20,2,NULL,NULL,NULL,NULL,NULL,NULL,NULL,'2016-05-21 05:42:26',NULL,NULL),(51,20,2,NULL,NULL,NULL,NULL,NULL,NULL,NULL,'2016-05-21 05:42:26',NULL,NULL),(52,20,2,NULL,NULL,NULL,NULL,NULL,NULL,NULL,'2016-05-21 05:42:26',NULL,NULL),(53,20,2,NULL,NULL,NULL,NULL,NULL,NULL,NULL,'2016-05-21 05:42:26',NULL,NULL),(54,20,2,NULL,NULL,NULL,NULL,NULL,NULL,NULL,'2016-05-21 05:42:26',NULL,NULL),(62,20,2,NULL,NULL,NULL,NULL,NULL,NULL,NULL,'2016-05-21 05:42:26',NULL,NULL),(63,20,2,NULL,NULL,NULL,NULL,NULL,NULL,NULL,'2016-05-21 05:42:25',NULL,NULL),(65,20,2,NULL,NULL,NULL,NULL,NULL,NULL,NULL,'2016-05-21 05:42:26',NULL,NULL),(67,3,1,'2016-05-14 00:00:00',0,'2016-05-16 00:00:00','',61,1,1,'2016-05-17 16:10:51',NULL,NULL),(67,20,2,NULL,NULL,NULL,NULL,NULL,NULL,NULL,'2016-05-21 05:42:25',NULL,NULL),(91,20,2,NULL,NULL,NULL,NULL,NULL,NULL,NULL,'2016-05-21 05:42:25',NULL,NULL),(92,20,2,NULL,NULL,NULL,NULL,NULL,NULL,NULL,'2016-05-21 05:42:26',NULL,NULL),(93,20,2,NULL,NULL,NULL,NULL,NULL,NULL,NULL,'2016-05-21 05:42:25',NULL,NULL),(94,20,2,NULL,NULL,NULL,NULL,NULL,NULL,NULL,'2016-05-21 05:42:25',NULL,NULL),(96,20,2,NULL,NULL,NULL,NULL,NULL,NULL,NULL,'2016-05-21 05:42:25',NULL,NULL),(106,20,2,NULL,NULL,NULL,NULL,NULL,NULL,NULL,'2016-05-21 05:42:25',NULL,NULL),(107,20,2,NULL,NULL,NULL,NULL,NULL,NULL,NULL,'2016-05-21 05:42:25',NULL,NULL),(111,2,0,'2016-05-17 00:00:00',0,'2016-05-18 00:00:00','',104,817,838,'2016-05-17 16:10:51',NULL,NULL),(111,5,1,'2016-05-17 00:00:00',0,'2016-05-18 00:00:00','',104,817,838,'2016-05-17 16:10:51',NULL,NULL),(111,6,1,'2016-05-17 00:00:00',0,'2016-05-18 00:00:00','',104,817,838,'2016-05-17 16:10:51',NULL,NULL),(111,7,1,'2016-05-17 00:00:00',0,'2016-05-18 00:00:00','',104,817,838,'2016-05-17 16:10:51',NULL,NULL),(111,20,2,NULL,NULL,NULL,NULL,NULL,NULL,NULL,'2016-05-21 05:42:25',NULL,NULL),(111,141,1,'2016-05-17 00:00:00',0,'2016-05-18 00:00:00','',104,819,840,'2016-05-26 06:47:53',NULL,0),(112,24,0,NULL,0,NULL,'',10,1,1,'2016-05-21 11:05:57',NULL,NULL),(113,26,0,NULL,0,NULL,'',6,1,1,'2016-05-21 11:08:55',NULL,NULL),(114,27,0,NULL,0,NULL,'',26,1,1,'2016-05-21 11:09:32',NULL,NULL),(115,28,0,NULL,0,NULL,'',104,1,1,'2016-05-21 11:10:06',NULL,NULL),(116,29,0,NULL,0,NULL,'',37,1,1,'2016-05-21 11:10:43',NULL,NULL),(116,346,1,NULL,0,NULL,'',37,865,861,'2016-06-10 10:46:53',NULL,2500),(117,30,0,NULL,0,NULL,'',60,1,1,'2016-05-21 11:11:41',NULL,NULL),(117,100,2,NULL,NULL,NULL,NULL,NULL,NULL,NULL,'2016-05-24 14:58:51',NULL,NULL),(118,19,0,NULL,0,NULL,'',308,1,1,'2016-05-21 05:40:11',NULL,NULL),(118,20,2,NULL,NULL,NULL,NULL,NULL,NULL,NULL,'2016-05-21 05:42:25',NULL,NULL),(118,31,0,NULL,0,NULL,'',15,1,1,'2016-05-21 11:12:27',NULL,NULL),(118,122,2,NULL,NULL,NULL,NULL,NULL,NULL,NULL,'2016-05-25 12:23:45',NULL,NULL),(119,32,0,NULL,0,NULL,'',4,1,1,'2016-05-21 11:13:05',NULL,NULL),(119,344,1,NULL,0,NULL,'',4,864,866,'2016-06-10 10:45:11',NULL,6500),(122,21,0,NULL,0,NULL,'',308,1,1,'2016-05-21 06:08:56',NULL,NULL),(122,22,2,NULL,NULL,NULL,NULL,NULL,NULL,NULL,'2016-05-21 06:10:42',NULL,NULL),(156,40,0,'2016-03-19 00:00:00',0,NULL,'',107,1,1,'2016-05-22 03:53:02',NULL,NULL),(156,64,1,'2016-03-19 00:00:00',0,NULL,'',107,1,1,'2016-05-24 06:34:23',NULL,2500),(156,85,2,NULL,NULL,NULL,NULL,NULL,NULL,NULL,'2016-05-24 14:25:22',NULL,NULL),(157,41,0,'2016-03-19 00:00:00',0,NULL,'',108,1,1,'2016-05-22 03:53:47',NULL,NULL),(158,42,0,'2016-03-19 00:00:00',0,NULL,'',109,1,1,'2016-05-22 03:54:16',NULL,NULL),(159,43,0,'2016-04-21 00:00:00',0,NULL,'',110,1,1,'2016-05-22 04:10:09',NULL,NULL),(160,44,0,'2016-05-09 00:00:00',0,NULL,'',111,1,1,'2016-05-22 04:10:51',NULL,NULL),(160,343,1,'2016-05-09 00:00:00',0,NULL,'',111,865,861,'2016-06-10 10:41:19',NULL,2500),(161,45,0,'2016-05-13 00:00:00',0,NULL,'',112,1,1,'2016-05-22 04:11:39',NULL,NULL),(161,248,2,NULL,NULL,NULL,NULL,NULL,NULL,NULL,'2016-06-06 13:32:30',NULL,NULL),(162,46,0,NULL,0,NULL,'',113,1,1,'2016-05-22 04:12:42',NULL,NULL),(163,51,0,'2016-05-22 00:00:00',0,NULL,'',18,1,1,'2016-05-22 05:19:05',NULL,NULL),(163,56,1,'2016-05-22 00:00:00',0,NULL,'',18,1,1,'2016-05-22 05:27:20',NULL,NULL),(163,59,1,'2016-05-22 00:00:00',0,NULL,'',18,1,1,'2016-05-22 06:32:04',NULL,2500),(163,363,1,'2016-05-22 00:00:00',0,NULL,'',18,1,1,'2016-06-14 14:09:10',NULL,2500),(166,87,0,'2016-05-05 00:00:00',0,NULL,'',536,1,1,'2016-05-24 14:26:30',NULL,2500),(166,347,1,'2016-05-05 00:00:00',0,NULL,'',536,862,866,'2016-06-10 10:47:56',NULL,2500),(167,91,0,'2016-01-30 00:00:00',0,NULL,'',115,1,1,'2016-05-24 14:42:14',NULL,2500),(168,92,0,NULL,0,NULL,'',116,1,1,'2016-05-24 14:42:52',NULL,2500),(169,93,0,'2016-03-17 00:00:00',0,NULL,'',117,1,1,'2016-05-24 14:43:31',NULL,2500),(170,94,0,'2016-03-31 00:00:00',0,NULL,'',118,1,1,'2016-05-24 14:44:14',NULL,2500),(171,95,0,'2016-04-04 00:00:00',0,NULL,'',119,1,1,'2016-05-24 14:44:47',NULL,2500),(172,96,0,'2016-04-18 00:00:00',0,NULL,'',120,1,1,'2016-05-24 14:45:25',NULL,2500),(173,97,0,'2016-05-11 00:00:00',0,NULL,'',121,1,1,'2016-05-24 14:46:13',NULL,2500),(173,342,1,'2016-05-11 00:00:00',0,NULL,'',121,865,861,'2016-06-10 10:10:58',NULL,2500),(174,98,0,'2016-05-12 00:00:00',0,NULL,'',60,1,1,'2016-05-24 14:47:05',NULL,2500),(175,99,0,'2016-05-16 00:00:00',0,NULL,'',122,1,1,'2016-05-24 14:47:31',NULL,2500),(177,101,0,'2016-05-05 00:00:00',0,NULL,'',55,1,1,'2016-05-24 15:39:31',NULL,0),(177,104,2,NULL,NULL,NULL,NULL,NULL,NULL,NULL,'2016-05-24 15:41:27',NULL,NULL),(178,102,0,NULL,0,NULL,'',55,1,1,'2016-05-24 15:39:49',NULL,0),(178,103,2,NULL,NULL,NULL,NULL,NULL,NULL,NULL,'2016-05-24 15:41:19',NULL,NULL),(179,107,0,'2016-02-20 00:00:00',0,'2016-06-22 00:00:00','',124,1,1,'2016-05-25 09:18:00',NULL,6500),(179,108,1,'2016-02-20 00:00:00',0,'2016-06-22 00:00:00','',124,1,1,'2016-05-25 09:19:54',NULL,6500),(179,109,1,'2016-02-20 00:00:00',0,'2016-06-22 00:00:00','',124,1,1,'2016-05-25 09:20:34',NULL,6500),(179,110,1,'2016-02-20 00:00:00',0,'2016-06-22 00:00:00','',124,1,1,'2016-05-25 09:21:00',NULL,6500),(180,111,0,'2016-02-24 00:00:00',0,'2016-06-15 00:00:00','\r\n',125,1,1,'2016-05-25 11:34:29',NULL,6500),(181,112,0,'2016-04-02 00:00:00',0,NULL,'',126,1,1,'2016-05-25 11:36:39',NULL,0),(181,116,2,NULL,NULL,NULL,NULL,NULL,NULL,NULL,'2016-05-25 11:47:59',NULL,NULL),(182,113,0,'2016-04-02 00:00:00',0,NULL,'',126,1,1,'2016-05-25 11:39:12',NULL,6500),(182,114,1,'2016-04-02 00:00:00',0,NULL,'',126,1,1,'2016-05-25 11:41:33',NULL,6500),(183,115,0,'2016-04-02 00:00:00',0,NULL,'',127,1,1,'2016-05-25 11:43:56',NULL,6500),(184,117,0,'2016-04-02 00:00:00',0,NULL,'',128,1,1,'2016-05-25 11:52:56',NULL,6500),(185,118,0,'2016-04-04 00:00:00',0,NULL,'',129,1,1,'2016-05-25 12:01:51',NULL,0),(186,119,0,'2016-04-30 00:00:00',0,NULL,'',130,1,1,'2016-05-25 12:06:24',NULL,0),(186,345,1,'2016-04-30 00:00:00',0,NULL,'',130,864,866,'2016-06-10 10:46:03',NULL,0),(187,120,0,'2016-04-30 00:00:00',0,NULL,'',15,1,1,'2016-05-25 12:13:15',NULL,0),(188,121,0,'2016-05-10 00:00:00',0,NULL,'',131,1,1,'2016-05-25 12:18:29',NULL,0),(189,123,0,'2016-03-12 00:00:00',0,NULL,'',132,1,1,'2016-05-25 12:27:36',NULL,0),(190,124,0,'2016-04-01 00:00:00',0,NULL,'',133,1,1,'2016-05-25 12:31:38',NULL,0),(190,337,1,'2016-04-01 00:00:00',0,NULL,'',133,865,867,'2016-06-10 08:49:35',NULL,0),(190,340,1,'2016-04-01 00:00:00',0,NULL,'',133,865,861,'2016-06-10 08:52:23',NULL,0),(191,125,0,'2016-01-25 00:00:00',0,NULL,'',134,1,1,'2016-05-25 12:33:01',NULL,0),(191,338,1,'2016-01-25 00:00:00',0,NULL,'',134,865,861,'2016-06-10 08:51:16',NULL,0),(192,126,0,'2016-04-16 00:00:00',0,NULL,'',136,1,1,'2016-05-25 12:33:34',NULL,0),(192,336,1,'2016-04-16 00:00:00',0,NULL,'',136,865,867,'2016-06-10 08:11:11',NULL,0),(192,339,1,'2016-04-16 00:00:00',0,NULL,'',136,865,861,'2016-06-10 08:51:42',NULL,0),(193,127,0,'2016-04-16 00:00:00',0,NULL,'',137,1,1,'2016-05-25 12:34:29',NULL,0),(194,128,0,'2016-04-25 00:00:00',0,NULL,'',138,1,1,'2016-05-25 12:35:13',NULL,0),(195,129,0,'2016-04-25 00:00:00',0,NULL,'',537,1,1,'2016-05-25 12:36:54',NULL,0),(195,130,1,'2016-04-25 00:00:00',0,NULL,'',537,1,1,'2016-05-25 12:37:42',NULL,0),(196,131,0,'2015-12-28 00:00:00',0,NULL,'',123,1,1,'2016-05-25 12:57:07',NULL,6500),(197,132,0,'2016-04-16 00:00:00',0,NULL,'',135,1,1,'2016-05-25 13:04:06',NULL,6500),(204,135,0,'2016-05-17 00:00:00',0,NULL,'',1179,1,1,'2016-05-25 18:28:14',NULL,0),(204,136,1,'2016-05-17 00:00:00',0,NULL,'',1179,1,1,'2016-05-25 18:34:03',NULL,0),(204,137,1,'2016-05-17 00:00:00',0,NULL,'',1179,1,1,'2016-05-25 18:34:31',NULL,0),(204,138,2,NULL,NULL,NULL,NULL,NULL,NULL,NULL,'2016-05-25 18:34:51',NULL,NULL),(208,149,0,'2016-05-26 00:00:00',0,NULL,'',1453,1,1,'2016-05-26 14:58:57',NULL,2500),(211,152,0,NULL,0,NULL,'',1636,1,1,'2016-05-26 16:43:02',NULL,0),(211,153,2,NULL,NULL,NULL,NULL,NULL,NULL,NULL,'2016-05-26 16:44:17',NULL,NULL),(214,158,0,'2016-05-28 00:00:00',0,NULL,'',1909,1,1,'2016-05-28 13:23:48',NULL,6500),(215,190,0,'2016-03-17 00:00:00',0,NULL,'',38,1,1,'2016-05-31 14:50:55',NULL,2500),(216,191,0,'2016-04-25 00:00:00',0,NULL,'',105,1,1,'2016-05-31 14:54:33',NULL,2500),(217,194,0,'2016-05-31 00:00:00',0,NULL,'',1910,1,1,'2016-05-31 15:05:58',NULL,6500),(217,195,1,'2016-05-31 00:00:00',0,NULL,'',1910,1,1,'2016-05-31 15:10:25',NULL,6500),(218,198,0,'2016-06-02 00:00:00',0,NULL,'',1911,1,1,'2016-06-03 11:28:48',NULL,30500),(218,199,1,'2016-06-02 00:00:00',0,NULL,'',1911,1,1,'2016-06-03 11:31:39',NULL,30500),(218,200,1,'2016-06-02 00:00:00',0,NULL,'',1911,1,1,'2016-06-03 11:34:05',NULL,30500),(219,202,0,'2016-06-03 00:00:00',0,NULL,'',1912,1,1,'2016-06-03 15:36:52',NULL,6500),(219,327,1,'2016-06-03 00:00:00',0,NULL,'',1912,817,838,'2016-06-09 07:27:25',NULL,6500),(220,221,0,'2016-05-30 00:00:00',0,NULL,'',1913,817,866,'2016-06-04 10:50:43',NULL,26500),(220,222,1,'2016-05-30 00:00:00',0,NULL,'',1913,817,866,'2016-06-04 10:51:15',NULL,26500),(221,226,0,'2016-05-13 00:00:00',0,NULL,'',112,1,1,'2016-06-04 12:13:02',NULL,2500),(221,247,1,'2016-05-13 00:00:00',0,NULL,'',112,1,1,'2016-06-06 13:31:18',NULL,2500),(221,341,1,'2016-05-13 00:00:00',0,NULL,'',112,865,861,'2016-06-10 10:06:17',NULL,2500),(222,228,0,NULL,0,NULL,'',1916,1,1,'2016-06-04 12:46:32',NULL,6500),(223,232,0,'2016-06-01 00:00:00',0,'2016-06-01 00:00:00','',1917,1,1,'2016-06-04 17:00:14',NULL,7800),(224,235,0,'2016-04-01 00:00:00',0,'2016-04-04 00:00:00','',1918,1,1,'2016-06-04 17:13:48',NULL,0),(225,238,0,'2015-09-07 00:00:00',0,'2015-09-07 00:00:00','',537,1,1,'2016-06-04 19:07:54',NULL,15500),(226,239,0,'2015-07-19 00:00:00',0,NULL,'',138,1,1,'2016-06-04 19:11:29',NULL,15500),(227,240,0,'2015-08-22 00:00:00',0,NULL,'',105,1,1,'2016-06-04 19:16:52',NULL,13900),(227,243,1,'2015-08-22 00:00:00',0,NULL,'',105,1,1,'2016-06-04 19:30:41',NULL,13900),(227,326,2,NULL,NULL,NULL,NULL,NULL,NULL,NULL,'2016-06-09 07:24:49',NULL,NULL),(228,241,0,'2015-08-22 00:00:00',0,NULL,'',105,1,1,'2016-06-04 19:22:04',NULL,13900),(229,242,0,NULL,0,NULL,'',118,1,1,'2016-06-04 19:26:15',NULL,13900),(230,246,0,'2016-06-04 00:00:00',0,NULL,'',1920,1,1,'2016-06-06 13:24:19',NULL,2500),(231,255,0,'2016-03-11 00:00:00',0,NULL,'',1921,1,1,'2016-06-07 05:11:02',NULL,12500),(231,256,1,'2016-03-11 00:00:00',0,NULL,'',1921,1,1,'2016-06-07 05:19:42',NULL,12500),(232,259,0,'2016-03-03 00:00:00',0,NULL,'',1919,1,1,'2016-06-07 06:40:07',NULL,12500),(232,261,2,NULL,NULL,NULL,NULL,NULL,NULL,NULL,'2016-06-07 06:57:23',NULL,NULL),(233,278,0,NULL,0,NULL,'Mon-Fri',1922,1,1,'2016-06-07 08:12:54',NULL,11900),(234,281,0,'2016-02-29 00:00:00',0,NULL,'',1923,1,1,'2016-06-07 08:40:42',NULL,8800),(235,283,0,'2016-04-11 00:00:00',0,NULL,'',1924,1,1,'2016-06-07 09:24:33',NULL,15500),(236,285,0,'2016-06-09 00:00:00',0,'2016-06-09 00:00:00','',1925,1,1,'2016-06-07 19:58:22',NULL,0),(236,286,2,NULL,NULL,NULL,NULL,NULL,NULL,NULL,'2016-06-07 20:38:01',NULL,NULL),(236,301,0,'2015-08-31 00:00:00',0,NULL,'fees paid for 3 months',1926,1,1,'2016-06-08 07:05:31',NULL,38475),(237,303,0,NULL,0,NULL,'',1927,1,1,'2016-06-08 07:25:03',NULL,13900),(238,305,0,NULL,0,NULL,'',1929,1,1,'2016-06-08 10:48:09',NULL,13900),(239,307,0,'2016-06-07 00:00:00',0,'2016-06-08 00:00:00','',1930,1,1,'2016-06-08 17:18:15',NULL,14500),(240,289,0,'2016-06-08 00:00:00',0,NULL,'',2289,1,1,'2016-06-07 20:43:16',NULL,0),(240,290,2,NULL,NULL,NULL,NULL,NULL,NULL,NULL,'2016-06-07 20:45:16',NULL,NULL),(240,309,0,'2016-06-01 00:00:00',0,'2016-06-02 00:00:00','',1931,1,1,'2016-06-08 17:46:29',NULL,14500),(241,311,0,'2016-01-01 00:00:00',0,NULL,'',1932,1,1,'2016-06-08 18:04:59',NULL,14900),(242,314,0,'2015-09-21 00:00:00',0,'2015-09-21 00:00:00','',1933,1,1,'2016-06-08 18:27:57',NULL,14900),(243,317,0,'2015-08-31 00:00:00',0,'2015-08-31 00:00:00','',1934,1,1,'2016-06-08 18:45:23',NULL,14900),(244,294,0,NULL,0,NULL,'',2289,1,1,'2016-06-07 21:01:06',NULL,0),(244,295,2,NULL,NULL,NULL,NULL,NULL,NULL,NULL,'2016-06-07 21:02:54',NULL,NULL),(244,319,0,'2016-01-01 00:00:00',0,'2016-01-01 00:00:00','',1935,1,1,'2016-06-08 18:55:08',NULL,15500),(245,321,0,'2016-04-25 00:00:00',0,'2016-04-25 00:00:00','',1936,1,1,'2016-06-08 19:11:21',NULL,14900),(246,323,0,'2015-12-03 00:00:00',0,'2015-12-03 00:00:00','',1937,1,1,'2016-06-08 19:19:16',NULL,14900),(247,325,0,'2016-05-01 00:00:00',0,NULL,'',1938,1,1,'2016-06-09 07:17:37',NULL,13900),(248,349,0,NULL,0,NULL,'',1939,1,1,'2016-06-10 11:22:39',NULL,11900),(249,352,0,'2016-06-11 00:00:00',0,NULL,'',1940,1,1,'2016-06-11 08:54:15',NULL,6500),(250,354,0,'2016-06-11 00:00:00',0,NULL,'',1941,1,1,'2016-06-11 08:57:07',NULL,6500),(251,356,0,'2016-06-11 00:00:00',0,NULL,'',1942,1,1,'2016-06-11 08:59:40',NULL,2500),(252,362,0,'2016-06-14 00:00:00',0,NULL,'',1943,1,1,'2016-06-14 13:56:56',NULL,6500);
/*!40000 ALTER TABLE `admission_aud` ENABLE KEYS */;
UNLOCK TABLES;

--
-- Table structure for table `admission_programs`
--

DROP TABLE IF EXISTS `admission_programs`;
/*!40101 SET @saved_cs_client     = @@character_set_client */;
/*!40101 SET character_set_client = utf8 */;
CREATE TABLE `admission_programs` (
  `admissions` bigint(20) NOT NULL,
  `programs` bigint(20) NOT NULL,
  PRIMARY KEY (`admissions`,`programs`),
  KEY `FK_ehji46ojn1a5sjx0hbty4jd6m` (`programs`),
  CONSTRAINT `FK_ehji46ojn1a5sjx0hbty4jd6m` FOREIGN KEY (`programs`) REFERENCES `program` (`id`),
  CONSTRAINT `FK_rt0o2yyqhjo7555epxfxihykw` FOREIGN KEY (`admissions`) REFERENCES `admission` (`id`)
) ENGINE=InnoDB DEFAULT CHARSET=utf8;
/*!40101 SET character_set_client = @saved_cs_client */;

--
-- Dumping data for table `admission_programs`
--

LOCK TABLES `admission_programs` WRITE;
/*!40000 ALTER TABLE `admission_programs` DISABLE KEYS */;
INSERT INTO `admission_programs` VALUES (2,1),(4,1),(6,1),(7,1),(9,1),(10,1),(12,1),(14,1),(15,1),(18,1),(19,1),(22,1),(23,1),(25,1),(3,2),(5,2),(8,2),(11,2),(13,2),(16,2),(17,2),(21,2),(24,2),(33,3),(34,3),(37,3),(38,3),(29,4),(30,4),(31,4),(32,4),(35,4),(36,4),(39,4),(40,4),(41,4),(42,4),(43,4),(44,4),(45,4),(46,4),(62,4),(2,5),(4,5),(6,5),(7,5),(9,5),(10,5),(12,5),(14,5),(15,5),(18,5),(19,5),(22,5),(23,5),(25,5),(26,5),(3,6),(5,6),(8,6),(11,6),(13,6),(16,6),(17,6),(20,6),(21,6),(24,6),(27,6),(28,6),(33,7),(34,7),(37,7),(38,7),(48,7),(29,8),(30,8),(31,8),(32,8),(35,8),(36,8),(39,8),(40,8),(41,8),(42,8),(43,8),(44,8),(45,8),(46,8),(47,8),(49,8),(50,8),(51,8),(52,8),(53,8),(62,8),(65,8),(2,9),(4,9),(6,9),(7,9),(9,9),(10,9),(12,9),(14,9),(15,9),(19,9),(22,9),(25,9),(26,9),(63,9),(67,9),(91,9),(93,9),(106,9),(111,9),(3,10),(8,10),(11,10),(20,10),(27,10),(28,10),(94,10),(107,10),(33,11),(34,11),(38,11),(48,11),(29,12),(32,12),(35,12),(39,12),(41,12),(42,12),(44,12),(49,12),(52,12),(2,13),(4,13),(6,13),(7,13),(9,13),(10,13),(12,13),(14,13),(15,13),(19,13),(22,13),(25,13),(26,13),(63,13),(67,13),(91,13),(93,13),(106,13),(111,13),(3,14),(8,14),(11,14),(94,14),(107,14),(33,15),(34,15),(38,15),(29,16),(32,16),(35,16),(39,16),(41,16),(42,16),(44,16),(96,51),(31,60),(36,60),(45,60),(46,60),(47,60),(50,60),(51,60),(53,60),(62,60),(65,60),(92,60),(31,61),(36,61),(45,61),(46,61),(47,61),(62,61),(92,61),(119,63),(179,63),(180,63),(182,63),(183,63),(184,63),(185,63),(186,63),(187,63),(188,63),(196,63),(214,63),(219,63),(189,64),(190,64),(191,64),(192,64),(193,64),(194,64),(195,64),(197,64),(222,64),(249,64),(250,64),(252,64),(112,65),(113,65),(114,65),(115,65),(157,65),(158,65),(159,65),(160,65),(162,65),(163,65),(166,65),(208,65),(217,65),(218,65),(220,65),(230,65),(116,66),(167,66),(168,66),(169,66),(170,66),(171,66),(172,66),(173,66),(174,66),(175,66),(221,66),(251,66),(215,67),(216,67),(119,72),(179,72),(180,72),(182,72),(183,72),(184,72),(185,72),(186,72),(187,72),(188,72),(196,72),(214,72),(219,72),(189,73),(190,73),(191,73),(192,73),(193,73),(194,73),(195,73),(197,73),(222,73),(249,73),(250,73),(252,73),(112,74),(113,74),(114,74),(115,74),(157,74),(158,74),(159,74),(160,74),(162,74),(163,74),(166,74),(208,74),(217,74),(218,74),(220,74),(230,74),(116,75),(167,75),(168,75),(169,75),(170,75),(171,75),(172,75),(173,75),(174,75),(175,75),(221,75),(251,75),(215,76),(216,76),(223,77),(224,78),(225,78),(226,78),(228,78),(229,78),(235,78),(236,78),(237,78),(238,78),(246,78),(247,78),(231,85),(233,85),(248,85),(239,86),(240,86),(241,86),(242,86),(243,86),(244,86),(245,86),(234,89);
/*!40000 ALTER TABLE `admission_programs` ENABLE KEYS */;
UNLOCK TABLES;

--
-- Table structure for table `admission_programs_aud`
--

DROP TABLE IF EXISTS `admission_programs_aud`;
/*!40101 SET @saved_cs_client     = @@character_set_client */;
/*!40101 SET character_set_client = utf8 */;
CREATE TABLE `admission_programs_aud` (
  `rev` int(11) NOT NULL,
  `admissions` bigint(20) NOT NULL,
  `programs` bigint(20) NOT NULL,
  `revtype` tinyint(4) DEFAULT NULL,
  PRIMARY KEY (`rev`,`admissions`,`programs`),
  CONSTRAINT `FK_rrfok9qsrleh3tjgo5qx8ujbs` FOREIGN KEY (`rev`) REFERENCES `revinfo` (`rev`)
) ENGINE=InnoDB DEFAULT CHARSET=utf8;
/*!40101 SET character_set_client = @saved_cs_client */;

--
-- Dumping data for table `admission_programs_aud`
--

LOCK TABLES `admission_programs_aud` WRITE;
/*!40000 ALTER TABLE `admission_programs_aud` DISABLE KEYS */;
INSERT INTO `admission_programs_aud` VALUES (2,111,9,0),(5,111,13,0),(19,118,67,0),(20,2,1,2),(20,2,5,2),(20,2,9,2),(20,2,13,2),(20,3,2,2),(20,3,6,2),(20,3,10,2),(20,3,14,2),(20,4,1,2),(20,4,5,2),(20,4,9,2),(20,4,13,2),(20,5,2,2),(20,5,6,2),(20,6,1,2),(20,6,5,2),(20,6,9,2),(20,6,13,2),(20,7,1,2),(20,7,5,2),(20,7,9,2),(20,7,13,2),(20,8,2,2),(20,8,6,2),(20,8,10,2),(20,8,14,2),(20,9,1,2),(20,9,5,2),(20,9,9,2),(20,9,13,2),(20,10,1,2),(20,10,5,2),(20,10,9,2),(20,10,13,2),(20,11,2,2),(20,11,6,2),(20,11,10,2),(20,11,14,2),(20,12,1,2),(20,12,5,2),(20,12,9,2),(20,12,13,2),(20,13,2,2),(20,13,6,2),(20,14,1,2),(20,14,5,2),(20,14,9,2),(20,14,13,2),(20,15,1,2),(20,15,5,2),(20,15,9,2),(20,15,13,2),(20,16,2,2),(20,16,6,2),(20,17,2,2),(20,17,6,2),(20,18,1,2),(20,18,5,2),(20,19,1,2),(20,19,5,2),(20,19,9,2),(20,19,13,2),(20,20,6,2),(20,20,10,2),(20,21,2,2),(20,21,6,2),(20,22,1,2),(20,22,5,2),(20,22,9,2),(20,22,13,2),(20,23,1,2),(20,23,5,2),(20,24,2,2),(20,24,6,2),(20,25,1,2),(20,25,5,2),(20,25,9,2),(20,25,13,2),(20,26,5,2),(20,26,9,2),(20,26,13,2),(20,27,6,2),(20,27,10,2),(20,28,6,2),(20,28,10,2),(20,29,4,2),(20,29,8,2),(20,29,12,2),(20,29,16,2),(20,30,4,2),(20,30,8,2),(20,31,4,2),(20,31,8,2),(20,31,60,2),(20,31,61,2),(20,32,4,2),(20,32,8,2),(20,32,12,2),(20,32,16,2),(20,33,3,2),(20,33,7,2),(20,33,11,2),(20,33,15,2),(20,34,3,2),(20,34,7,2),(20,34,11,2),(20,34,15,2),(20,35,4,2),(20,35,8,2),(20,35,12,2),(20,35,16,2),(20,36,4,2),(20,36,8,2),(20,36,60,2),(20,36,61,2),(20,37,3,2),(20,37,7,2),(20,38,3,2),(20,38,7,2),(20,38,11,2),(20,38,15,2),(20,39,4,2),(20,39,8,2),(20,39,12,2),(20,39,16,2),(20,40,4,2),(20,40,8,2),(20,41,4,2),(20,41,8,2),(20,41,12,2),(20,41,16,2),(20,42,4,2),(20,42,8,2),(20,42,12,2),(20,42,16,2),(20,43,4,2),(20,43,8,2),(20,44,4,2),(20,44,8,2),(20,44,12,2),(20,44,16,2),(20,45,4,2),(20,45,8,2),(20,45,60,2),(20,45,61,2),(20,46,4,2),(20,46,8,2),(20,46,60,2),(20,46,61,2),(20,47,8,2),(20,47,60,2),(20,47,61,2),(20,48,7,2),(20,48,11,2),(20,49,8,2),(20,49,12,2),(20,50,8,2),(20,50,60,2),(20,51,8,2),(20,51,60,2),(20,52,8,2),(20,52,12,2),(20,53,8,2),(20,53,60,2),(20,62,4,2),(20,62,8,2),(20,62,60,2),(20,62,61,2),(20,63,9,2),(20,63,13,2),(20,65,8,2),(20,65,60,2),(20,67,9,2),(20,67,13,2),(20,91,9,2),(20,91,13,2),(20,92,60,2),(20,92,61,2),(20,93,9,2),(20,93,13,2),(20,94,10,2),(20,94,14,2),(20,96,51,2),(20,106,9,2),(20,106,13,2),(20,107,10,2),(20,107,14,2),(20,111,9,2),(20,111,13,2),(20,118,67,2),(21,122,67,0),(22,122,67,2),(24,112,65,0),(26,113,65,0),(27,114,65,0),(28,115,65,0),(29,116,66,0),(30,117,66,0),(31,118,63,0),(32,119,63,0),(40,156,65,0),(41,157,65,0),(42,158,65,0),(43,159,65,0),(44,160,65,0),(45,161,65,0),(46,162,65,0),(51,163,66,0),(85,156,65,2),(85,156,74,2),(87,166,65,0),(87,166,74,0),(91,167,66,0),(91,167,75,0),(92,168,66,0),(92,168,75,0),(93,169,66,0),(93,169,75,0),(94,170,66,0),(94,170,75,0),(95,171,66,0),(95,171,75,0),(96,172,66,0),(96,172,75,0),(97,173,66,0),(97,173,75,0),(98,174,66,0),(98,174,75,0),(99,175,66,0),(99,175,75,0),(100,117,66,2),(100,117,75,2),(101,177,67,0),(101,177,76,0),(102,178,67,0),(102,178,76,0),(103,178,67,2),(103,178,76,2),(104,177,67,2),(104,177,76,2),(107,179,63,0),(107,179,72,0),(111,180,63,0),(111,180,72,0),(112,181,74,0),(113,182,65,0),(113,182,74,0),(114,182,63,0),(114,182,65,2),(114,182,72,0),(114,182,74,2),(115,183,63,0),(115,183,72,0),(116,181,74,2),(117,184,63,0),(117,184,72,0),(118,185,63,0),(118,185,72,0),(119,186,63,0),(119,186,72,0),(120,187,63,0),(120,187,72,0),(121,188,63,0),(121,188,72,0),(122,118,63,2),(122,118,72,2),(123,189,64,0),(123,189,73,0),(124,190,64,0),(124,190,73,0),(125,191,64,0),(125,191,73,0),(126,192,64,0),(126,192,73,0),(127,193,64,0),(127,193,73,0),(128,194,64,0),(128,194,73,0),(129,195,64,0),(130,195,73,0),(131,196,63,0),(131,196,72,0),(132,197,64,0),(132,197,73,0),(135,204,67,0),(138,204,67,2),(149,208,65,0),(149,208,74,0),(152,211,67,0),(153,211,67,2),(158,214,63,0),(158,214,72,0),(190,215,67,0),(190,215,76,0),(191,216,67,0),(191,216,76,0),(194,217,66,0),(194,217,75,0),(195,217,65,0),(195,217,66,2),(195,217,74,0),(195,217,75,2),(198,218,65,0),(200,218,74,0),(202,219,63,0),(202,219,72,0),(221,220,65,0),(221,220,74,0),(226,221,66,0),(226,221,75,0),(228,222,64,0),(228,222,73,0),(232,223,77,0),(235,224,78,0),(238,225,78,0),(239,226,78,0),(240,227,77,0),(241,228,78,0),(242,229,78,0),(243,227,77,2),(243,227,78,0),(246,230,65,0),(246,230,74,0),(248,161,65,2),(248,161,74,2),(255,231,85,0),(259,232,85,0),(261,232,85,2),(278,233,85,0),(281,234,89,0),(283,235,78,0),(285,236,86,0),(286,236,86,2),(289,240,93,0),(290,240,93,2),(294,244,86,0),(295,244,86,2),(301,236,78,0),(303,237,78,0),(305,238,78,0),(307,239,86,0),(309,240,86,0),(311,241,86,0),(314,242,86,0),(317,243,86,0),(319,244,86,0),(321,245,86,0),(323,246,78,0),(325,247,78,0),(326,227,78,2),(349,248,85,0),(352,249,64,0),(352,249,73,0),(354,250,64,0),(354,250,73,0),(356,251,66,0),(356,251,75,0),(362,252,64,0),(362,252,73,0),(363,163,65,0),(363,163,66,2),(363,163,74,0),(363,163,75,2);
/*!40000 ALTER TABLE `admission_programs_aud` ENABLE KEYS */;
UNLOCK TABLES;

--
-- Table structure for table `child`
--

DROP TABLE IF EXISTS `child`;
/*!40101 SET @saved_cs_client     = @@character_set_client */;
/*!40101 SET character_set_client = utf8 */;
CREATE TABLE `child` (
  `id` bigint(20) NOT NULL AUTO_INCREMENT,
  `address` varchar(200) DEFAULT NULL,
  `allergy` varchar(150) DEFAULT NULL,
  `blood_group` varchar(20) DEFAULT NULL,
  `dob` datetime DEFAULT NULL,
  `email_one` varchar(100) DEFAULT NULL,
  `email_three` varchar(100) DEFAULT NULL,
  `email_two` varchar(100) DEFAULT NULL,
  `father_name` varchar(60) DEFAULT NULL,
  `father_organization` varchar(50) DEFAULT NULL,
  `first_name` varchar(30) NOT NULL,
  `gender` int(11) DEFAULT NULL,
  `last_name` varchar(30) NOT NULL,
  `middle_name` varchar(30) DEFAULT NULL,
  `mother_name` varchar(60) DEFAULT NULL,
  `mother_organization` varchar(50) DEFAULT NULL,
  `nationality` varchar(50) DEFAULT NULL,
  `notes` varchar(400) DEFAULT NULL,
  `phone_father` varchar(30) DEFAULT NULL,
  `phone_home` varchar(30) DEFAULT NULL,
  `phone_mother` varchar(30) DEFAULT NULL,
  `pincode` varchar(6) DEFAULT NULL,
  `version` int(11) DEFAULT NULL,
  `creation_ts` timestamp NOT NULL DEFAULT CURRENT_TIMESTAMP,
  `update_ts` timestamp NOT NULL DEFAULT CURRENT_TIMESTAMP ON UPDATE CURRENT_TIMESTAMP,
  PRIMARY KEY (`id`),
  UNIQUE KEY `UK_58pdoyrlrsytndthm1t9jvvdc` (`first_name`,`middle_name`,`last_name`,`dob`)
) ENGINE=InnoDB AUTO_INCREMENT=1944 DEFAULT CHARSET=utf8;
/*!40101 SET character_set_client = @saved_cs_client */;

--
-- Dumping data for table `child`
--

LOCK TABLES `child` WRITE;
/*!40000 ALTER TABLE `child` DISABLE KEYS */;
INSERT INTO `child` VALUES (2,'804,Star lake,Neptune','','','2012-05-23 00:00:00','deepika.ramani@abcconsultants.in','','','','','Kyra',1,'Ramani','','Deepika Ramani','','','','','','9167700879','1',1,'2016-05-17 16:05:30','2016-05-17 16:28:11'),(3,'C 1602,Mahindra Splendor','','','2009-06-30 00:00:00','s_shah_81@yahoo.com','sumigupta@gmail.com','','Sumit Gupta','','Nandini',1,'Gupta','','','','','Date of Birth not known','','9820936116','9820420398','1',3,'2016-05-17 16:05:30','2016-05-17 16:28:11'),(4,'A-1403,Gundecha Altura, Kanjurmarg','','','2013-11-19 00:00:00','vidyamenon21@gmail.com','sureshmenon75@gmail.com','','Suresh Menon','','Arjun',1,'Menon','','Vidya Menon','','','','','9769211325','9867959555','1',1,'2016-05-17 16:05:30','2016-05-17 16:28:11'),(5,'B 302 Mahindra Bhnadup','','','1995-06-30 00:00:00','bhutani.dj@gmail.com','ashishbhutani7@gmail.com','','Ashish Bhutani','','Anaisha',1,'bhutani','','Divya Bhutani','','','','','9833077708','9769694342','1',2,'2016-05-17 16:05:30','2016-05-25 18:26:24'),(6,'Gundecha Heights, Kanjurmarg','','','2013-10-10 00:00:00','geetamanjarika@gmail.com','sameermp@rediffmail.com','','Sameer Parmar','','Yanisha',1,'Parmar','','Geetamanjarika','','','','','9920288283','9920993873','1',1,'2016-05-17 16:05:30','2016-05-17 16:28:11'),(7,'A 1901 Mahindra Spendor','','','2014-11-02 00:00:00','Jayaraj.nita@gmail.com','','','','','Arav',1,'Nair','','Nita Nair','','','','','','9820407000','1',1,'2016-05-17 16:05:30','2016-05-17 16:28:11'),(8,'A 1901 Mahindra Splendor','','','2011-11-24 00:00:00','Jayaraj.nita@gmail.com','','','','','Aria',1,'Nair','','Nita Nair','','','','','','9820407000','1',1,'2016-05-17 16:05:30','2016-05-17 16:28:11'),(9,'704-Snowden Peak, Living Point, Neptune','','','2000-01-01 00:00:00','shailjabali@gmail.com','','','','','Agastya',1,'Saxena','','Shailija Bali','','','','','','9619194245','1',1,'2016-05-17 16:05:30','2016-05-17 16:28:11'),(10,'A 1801, Mahindra Splendor ','','','2013-07-09 00:00:00','sonaltalathi@gmail.com','','','','','Ryan',1,'Joseph','','Sonal','','','','9820227989','','9820489731','',2,'2016-05-17 16:05:30','2016-05-21 11:07:48'),(11,'P-404,Mayuresh Shristi','','','2009-10-24 00:00:00','bharati.k77@rediffmail.com','','','Prashant','','Dhruvi',1,'Prashant','','Bharati','','','','','9833415515','9920432061','1',1,'2016-05-17 16:05:30','2016-05-17 16:28:11'),(12,'1/A, Dreams complex','','','2012-08-24 00:00:00','dhazra81@gmail.com','','','','','Reana',1,'Hazra','','Dhrubajyoti\r\nShreejata','','','','','','9051757527','1',1,'2016-05-17 16:05:30','2016-05-17 16:28:11'),(13,'207/5, NCH Colony','','','2008-04-24 00:00:00','cbehera@yahoo.com','','','','','Ishika',1,'Raturi','','Vinod','','','','','','8080113663','1',1,'2016-05-17 16:05:30','2016-05-17 16:28:11'),(14,'D-801, Joy Homes','','','2012-06-20 00:00:00','dr.shrutiprabhu@gmail.com','','','Atul','','Unnati',1,'Prabhu','','Shruti','','','','','7208056048','9892065717','1',2,'2016-05-17 16:05:30','2016-05-17 16:28:11'),(15,'B-101,Gundecha Altura','','','2013-12-22 00:00:00','bhogade@gmail.com','','','','','Avantika',1,'Korde','','ASHISH','','','','','','7738096106','1',1,'2016-05-17 16:05:30','2016-05-17 16:28:11'),(16,'K-101,Mayuresh Shrishti','','','2011-04-12 00:00:00','manish-acharekar@yahoo.com','manishar@way2wealth.com','','','','Daksh',1,'Acharekar','','priyanaka','','','','','9820108866','9920328866','1',1,'2016-05-17 16:05:30','2016-05-17 16:28:11'),(17,'207/7,NCH Colony','','','2008-10-21 00:00:00','cbehera1@yahoo.com','','','','','Anushree',1,'Behera','','','','','','','','9320114931','1',1,'2016-05-17 16:05:30','2016-05-17 16:28:11'),(18,'B-1603,Gundecha Heights, Kanjurmarg','','','2013-06-07 00:00:00','sukumarbeena@rediffmail.com','moorthy.karthik@mahindra.com','','','','Anika',1,'Moorthy','','Beena','','','','','','9820236845','1',3,'2016-05-17 16:05:30','2016-05-22 05:23:40'),(19,'Pickup at Mahavir,    \r\nDrop at Dreams','','','2011-10-23 00:00:00','khule.ripali@gmail.com','','','','','Ashman',1,'Khule','','Sandeep/Ruplai','','','','','9969668044 Drop','9920723737 Pickup','1',4,'2016-05-17 16:05:30','2016-05-17 16:28:11'),(20,'Bld 130/01 NCH Colony','','','2010-11-08 00:00:00','csahu702@gmail.com','','','','','Shreiya',1,'Sahu','','Subrat/Chapala','','','','','','9167857357','1',1,'2016-05-17 16:05:30','2016-05-17 16:28:11'),(21,'C-502, Mahavir Universe','','','2011-09-03 00:00:00','dhond-saloni@yahoo.in','','','','','Shanaya',1,'Sequeira','','Quentin','','','','','','9892754388','1',1,'2016-05-17 16:05:30','2016-05-17 16:28:11'),(22,'2103 A wing Mahavir Universe','','','2013-07-12 00:00:00','aarti.malhotra19@gmail.com','','','','','Mansh',1,'Malhotra','','Gaurav Aarti','','','','','9867525878','9867525878','1',1,'2016-05-17 16:05:30','2016-05-17 16:28:11'),(23,'2603 Mahindra','','','2013-05-20 00:00:00','harini.dhamodaran@gmail.com','','','','','Aditri',1,'Prassnana','','Harini','','','','','9892432132','9920742581','1',1,'2016-05-17 16:05:30','2016-05-17 16:28:11'),(24,'B-502,Gundecha HEights','','','2011-09-09 00:00:00','priya.vyassharma@gmail.com','','','','','Khayati',1,'Sharma','','Priya','','','','','','9930966176','1',1,'2016-05-17 16:05:30','2016-05-17 16:28:11'),(25,'Dreams','','','2013-06-30 00:00:00','vardaphatak@yahoo.com\n ','aniket.world@gmail.com','','','','Alishaa',1,'Khanzode','','Varda ','','','','','','9769048633','1',1,'2016-05-17 16:05:30','2016-05-17 16:28:11'),(26,'601-A, Mahindra Splendor','','','2013-11-24 00:00:00','moncy.mathews@kotak.com','','','','','Alysia',1,'Mathews','','Moncy','','','','','','9819252513','1',2,'2016-05-17 16:05:30','2016-05-17 16:28:11'),(27,'147/04, NCH Colony','','','2005-11-27 00:00:00','gopalsingh188@gmail.com','','','','','Anjali',1,'Singh','','Gopal','','','','','','9987174754','1',1,'2016-05-17 16:05:30','2016-05-17 16:28:11'),(28,'NCH','','','2009-07-31 00:00:00','mk10609k@gmail.com','','','','','Rajlaxmi',1,'?','','Mukesh','','','','','','9324794343','1',1,'2016-05-17 16:05:30','2016-05-17 16:28:11'),(29,'D-704,Mahindra Splendor','','','2011-06-15 00:00:00','khyativikani@gmail.com','vinit.2525@gmail.com','','','','Aneri',1,'Bhatt','','Khyati Bhatt','','','','','9833248848','9833421534','1',1,'2016-05-17 16:05:30','2016-05-17 16:28:11'),(30,'D-703,Great Easterns Gardens, Kanjurmarg west','','','2011-10-17 00:00:00','kshipra.s.bhardwaj@gmail.com','','','Hemant Bhardwaj','','Vaanya',1,'Bhardwaj','','Shipra Bhardwaj','','','','','9769701815','9833540656','1',1,'2016-05-17 16:05:30','2016-05-17 16:28:11'),(31,'B-502,Gundecha Altura, Kanjurmarg','','','2008-09-16 00:00:00','geetabsai@hotmail.com','','','Mr. Rao','','Shubhay',1,'Curpad','','Geeta Sai','','','','','9821185496( Grandpa)','9870595493( Grandma)','1',1,'2016-05-17 16:05:30','2016-05-17 16:28:11'),(32,'2D/1603,Dreams Complex','','','2010-09-30 00:00:00','priyanka.025@gmail.com','','','Abhishek Parmar','','Pratyush',1,'Sarkar','','Priyanka Sarkar','','','','','9833611413','9820112510','1',1,'2016-05-17 16:05:30','2016-05-17 16:28:11'),(33,'A 205 Gundecha Heights','','','2012-06-25 00:00:00','kamathdurga@gmail.com','sandeshkamathk@gmail.com','','Sandesh Kamath','','Shriya',1,'Kamath','','Durga Kamath','','','','','9845024934','9833988886','1',1,'2016-05-17 16:05:30','2016-05-17 16:28:11'),(34,'B-1501,Gundecha Heights,Kanjurmarg,west','','','2012-12-26 00:00:00','mayur-67@yahoo.com','','','','','Anmay',1,'Patil','','Mayur Patil','','','','','9820806875','9892963504','1',1,'2016-05-17 16:05:30','2016-05-17 16:28:11'),(35,'M-522,Mayuresh Park,Lake road','','','2008-12-25 00:00:00','shubhanair_1977@yahoo.co.in','','','','','Jahnavi',1,'nair','','Prakash','','','','','','9892258753','1',1,'2016-05-17 16:05:30','2016-05-17 16:28:11'),(36,'A 1804 Gundecha Altura','','','2010-03-07 00:00:00','shivanibhide77@gmail.com','','','','','Pratyush',1,'Bhide','','Shivani','','','','','9819979601','9769907726','1',1,'2016-05-17 16:05:30','2016-05-17 16:28:11'),(37,'B-1202,Gundecha Heights','','','2013-08-22 00:00:00','snehaghate@gmail.com','shantanuprabhune@gmail.com','','','','Sanika',1,'Prabhune','','Shantanu','','','','','9930695359','9167208142','1',3,'2016-05-17 16:05:30','2016-05-22 05:26:01'),(38,'K-304, Mayuresh Park ,Lake Road,Bhandup (w)','','','2012-06-17 00:00:00','sangeeto@gmail.com','','kabadi.omkar@gmail.com','Omkar Kabadi',NULL,'Myra',1,'Kabadi','Omkar','Sangeetha Rao',NULL,'','','9769444885','','9820444885','400078',3,'2016-05-17 16:05:30','2016-05-31 14:47:50'),(39,': M-702, Mayuresh Park, Lake R','','','2011-07-09 00:00:00','anoop.pec@gmail.com','','','','','Shaurya',1,'Chaudhary','','Anoop Singh','','','','','9920601993','9920250403','1',1,'2016-05-17 16:05:30','2016-05-17 16:28:11'),(40,'1001, D wing Dreams','','','2011-10-06 00:00:00','garimaramchandani@yahoo.com','','','','','Jeet',1,'Anandani','','Garima','','','','022-61273003','9819935885','9930317367','1',1,'2016-05-17 16:05:30','2016-05-17 16:28:11'),(41,'Srishti Hieghts','','','2008-10-08 00:00:00','sheets123@gmail.com','','','','','Aahana',1,'Sawant','','','','','','','25956113','9766331036','1',1,'2016-05-17 16:05:30','2016-05-17 16:28:11'),(42,'B-304 Samarth Garden Shangrilla','','','2010-05-26 00:00:00','agninair@yahoo.com','','','','','Aryan',1,'Pillai','','','','','','','9930430360','9930530320','1',1,'2016-05-17 16:05:30','2016-05-17 16:28:11'),(43,'1003 Erica Apt Joy Home','','','2010-06-17 00:00:00','agnes81p@gmail.com','','','','','Manav',1,'Patel','','','','','','','','9930966118','1',1,'2016-05-17 16:05:30','2016-05-17 16:28:11'),(44,'A-2004,Mahavir Universe','','','2008-06-06 00:00:00','reshma.pingle@gmail.com','','','','','Parth',1,'Pingle','','Reshma','','','','','','9819429839','1',1,'2016-05-17 16:05:30','2016-05-17 16:28:11'),(45,'Gundecha','','','2009-06-13 00:00:00','arora.tanishkaa@gmail.com','','','','','Dishika',1,'Arora','','Tanishka','','','','','','9594220004','1',1,'2016-05-17 16:05:30','2016-05-17 16:28:11'),(46,'Charming Hills Neptune ','','','2010-01-13 00:00:00','sindyjohn01@gmail.com','griboshin@gmail.com','','Griboshin Vellanthrov','','Mikhail',0,'Vellanthrov','','sindy john','','','','','9819092456','9819158098','1',3,'2016-05-17 16:05:30','2016-05-23 11:28:20'),(47,'A1104 Gundecha Heights ','','','2011-01-04 00:00:00','bansals@orbimed.com','','','','','Avika',1,'Bansal','','Swati  ','','','','','9833719683','9833180438','1',1,'2016-05-17 16:05:30','2016-05-17 16:28:11'),(48,'Augusta-3401,Lodha Aurum Grande Kanjurmarg (E)','','','2013-10-02 00:00:00','suchitrapanda05@gmail.com','babu.nayak@gs.com','','','','Vihaan',1,'Nayak','','Suchitra ','','','','9619285633(G.M)','9930679593(G.P)','981960618','1',1,'2016-05-17 16:05:30','2016-05-17 16:28:11'),(49,'H-18,NCH Colony','','','2007-04-23 00:00:00','anuradhahgaur26@gmail.com','hariom16@gmail.com','','Hariom','','Aastha',1,'Gaur','','Anuradha','','','','','9029033726','9757456416','1',1,'2016-05-17 16:05:30','2016-05-17 16:28:11'),(50,'B-1402, Gundecha Heights','','','2011-01-24 00:00:00','smriti.kjain@gmail.com','','','','','Kritika',1,'Jain','','Smriti','','','','','','7666767484','1',1,'2016-05-17 16:05:30','2016-05-17 16:28:11'),(51,'C-403, Gundecha Heights','','','2009-07-16 00:00:00','prenig@yahoo.co.in','','','','','Tanvi',1,'Thombare','','Prerana','','','','','','9820238528','1',1,'2016-05-17 16:05:30','2016-05-17 16:28:11'),(52,'B-101,Gundecha Heights','','','2011-01-01 00:00:00','hricha.mukherjee@gmail.com','debu1024@gmail.com','','','','Aarav',1,'Das','','Hricha','','','','','9004686776','25774235','1',1,'2016-05-17 16:05:30','2016-05-17 16:28:11'),(53,'24/D, Gate No5, Miniland, Tank Rd Bhandup ','','','2009-11-22 00:00:00','rajeev@micrologicnet.com','','','','','Aryan',1,'Rajiv','','Tresa ','','','','9820215918','25968921','25955178','1',1,'2016-05-17 16:05:30','2016-05-17 16:28:11'),(54,'B-1004, Gundecha Heights, Kanjurmarg W','','','2009-06-24 00:00:00','drsinymathew2006@hotmail. com','','','','','Reya',1,'Mathew','','Dr. Siny Mathew','','','','','9322838295','9324402825','1',1,'2016-05-17 16:05:30','2016-05-17 16:28:11'),(55,'601 Sovereign, Hiranandani Gardens, Powai','Milk, Cashew','B+','2010-03-09 00:00:00','amit01@gmail.com','','soniachugha@gmail.com','Amit Agrawal','','Alya',1,'Agrawal','','Sonia Chugh','','USA','','9920966937','','9820064125','400076',3,'2016-05-17 16:05:30','2016-05-17 16:28:11'),(60,'Dreams','','','2012-12-09 00:00:00','reenamongia@gmail.com','','harshharora@gmail.com','','','Shivansh',0,'Arora','','Reena','','','','9819345621','','9833533789','',0,'2016-05-17 16:05:30','2016-05-17 16:28:11'),(61,'35 B Miniland Bhandup','','','2013-06-09 00:00:00','abhisarika3@gmail.com','','','','','Aditri',1,'Dutta','','','','','','9594016631','','9987002658','',0,'2016-05-17 16:05:30','2016-05-17 16:28:11'),(87,'Mahavir Universe','','','2013-03-05 00:00:00','sworlikar@gmail.com','','dudanisushil@gmail.com','','','Saanvi ',1,'NA','','Shruti','','','','9004075976','','9004732949','',1,'2016-05-17 16:05:30','2016-05-17 16:28:11'),(88,'Mahavir Universe','','','2011-10-12 00:00:00','deepalirane2010@gmail.com','','','','','Arnav ',0,'Rane','','Dipali','','','','','','9870472525','',2,'2016-05-17 16:05:30','2016-05-17 16:28:11'),(89,'Sai radha ','','','2014-04-10 00:00:00','garima2211@gmail.com','','rishi.jain@ril.com','','','Advik ',0,'Jain','','Garima','','','','9833192687','8433719975','7021772882','',1,'2016-05-17 16:05:30','2016-05-17 16:28:11'),(90,'403,starlake Point Neptune','','','2010-10-25 00:00:00','sulkshana.s@gmail.com','','ajaymshinde@gmail.com','','','Janhavi ',1,'NA','','Sulkshana Shinde','','','Age Not Sure','9930877724','','9833552325','',2,'2016-05-17 16:05:30','2016-05-17 16:28:11'),(92,'Gundecha Altura','','',NULL,'','','','','','Daarshik',0,'Bhattacharyya','','','','','','','','9833196061','',0,'2016-05-17 16:05:30','2016-05-17 16:28:11'),(99,'A1402 Mahavir Universe LBS Marg','','','2013-02-09 00:00:00','','','dinarsk@hotmail.com','Dinar Khochare','','Manasvi',1,'Khochare','Dinar','Nandita Khochare','','Indian','','9867161799','9867189813','9769167096','400078',0,'2016-05-17 16:05:30','2016-05-17 16:28:11'),(100,'A 2801 Lodha Imperia Tank Road Bhandup West','','','2012-02-20 00:00:00','rashi.bedia@gmail.com','','','','','Shivanshi ',1,'Agrawal','','Rashi','','','Shri Gopal Agrawal ','','9970588702','7208031000','',2,'2016-05-17 16:05:30','2016-05-17 16:28:11'),(104,'Neptune Living Point, Sunrise Point Apt-904-905.','','','2013-08-14 00:00:00','banerjee.diti@gmail.com','','','Somnath Chatterjee','','Shivank',0,'Chatterjee','Somnath','Diti Chatterjee','','','','','','9930502754','',3,'2016-05-17 16:05:30','2016-05-17 16:31:08'),(105,'B.508,Nakshatra building-1, Kukreja Complex L.B.S Road Bhandup West.','','','2013-05-07 00:00:00','rajni14@gmail.com','','nnk128@gmail.com','Narender Kumar','','Anvi ',1,'Singh','Narender','Rajani Singh','','','','7045645992','','7045645991','',0,'2016-05-20 10:48:31','2016-05-20 10:48:31'),(108,'D- 604,Neptune Element','','','2013-10-28 00:00:00','anuja.vashist@gmail.com','','ravinder.vashist@gmail.com','','','Riddhima',1,'Vashist','','','','','','9867324471(F)','','9920035639(M)','',1,'2016-05-21 11:53:45','2016-05-24 15:46:59'),(109,'H-401,Mahindra G.E Garden, Kanjurmarg','','','2013-05-12 00:00:00','archana.khaire@gmail.com','','bharat.walung@gmail.com','','','Aarush',0,'Walunj','','','','','','9833960221','','9820876850','',1,'2016-05-21 11:53:45','2016-05-24 15:52:33'),(110,'1601-D, Mahindra Splendor L.B.S Marg Bhandup W ','Don\'t like Tangy Foods','','2013-07-20 00:00:00','ajbaunthiyal@gmail.com','','rahul.baunthiyal@gmail.com','Rahul Baunthiyal',NULL,'Nishka',1,'Baunthiyal','Rahul','Anjum Baunthiyal',NULL,'','Nishkais soft spoken child & is best when nicely spoken too.\r\nShe is disciplined & Quiet ,u need to ask her if she gets hurt & may not tell by herself.','','','8976017000(m)','400078',1,'2016-05-21 11:53:45','2016-06-04 10:01:23'),(111,'A-801, Gundecha Altura, L.B.S Road Kanjurmarg (W)','','','2013-09-09 00:00:00','sandeshladha@yahoo.com','','pratikshaladha1@gmail.com','Sandesh',NULL,'Riddhi',1,'Ladha','Sandesh ','Pratiksha',NULL,'','','','','09867728556(M)','400078',1,'2016-05-21 11:53:45','2016-06-04 09:46:54'),(112,'302A , Gundecha Heights, L.B.S Marg, Kangur Marg ','','A+ve','2013-10-05 00:00:00','prithasagar.a@gmail.com','','suresh.deshpande79@gmail.com','Suresh Deshpande',NULL,'Akshaj',0,'Deshpande','Suresh','Pritha Deshpande',NULL,'','','9930976664','','9619449346','400078',1,'2016-05-21 11:53:45','2016-06-04 08:19:11'),(113,'A/503, Aniraj Tower, Opp kaka Petrol Pump L.B.S marg Bhandup W ','','B+ve','2013-07-20 00:00:00','raghavendranrs@gmail.com','','shailaja19864u@gmail.com','Raghavendran Sukumar',NULL,'Ashika',1,'Sukumar','Raghavendran','Shailaja Sukumar',NULL,'','She likes to have personal attention and care','7506074639 (M)','','9789833847 (f)','400078',1,'2016-05-21 11:53:45','2016-06-04 08:53:20'),(115,'1602,Living Point, Neptune','','B+ve','2013-06-28 00:00:00','richanigam17@rediffmail.com','','vikassrivastava03@gmail.com','Vikas Srivastava',NULL,'Vihaan',0,'Srivastava','Vikas','Richa Nigam',NULL,'','','8879688017','','9930488645','400078',1,'2016-05-21 11:53:45','2016-06-04 08:22:31'),(116,'A-402,Kailas Complex opp Station Rd L.B.S Marg Bhandup W','','B+ve','2014-02-27 00:00:00','vinodr8@hotmail.com','','swatibijur@gmail.com','Vinod Devadiga',NULL,'Anvita',1,'Devadiga','Vinod','Swathi Devadiga',NULL,'','Don\'t shout on her as she becomes very sad.','9930959633(M)','','9892796667(F)','400078',2,'2016-05-21 11:53:45','2016-06-14 14:45:51'),(117,'D-1903, Mahindra Splendour, L.B.S Marg Bhandup w','','','2013-06-06 00:00:00','jaydip.popot@gmail.com','','brijbalaj@gmail.com','Jaydip Popat',NULL,'Aashna',1,'Popat','Jaydip','Brijbala Batwal',NULL,'','','9930166606(F)','','9820571950(M)','400078',1,'2016-05-21 11:53:45','2016-06-04 07:15:54'),(118,'2D-206,N G Royalpark, Kanjurmarg (E)','','O+ve','2013-12-26 00:00:00','tanmay.pradhan@adityabirla.com','','saroijini.swain@akzonobel.com','Tanmaya Kumar Pradhan',NULL,'Shashwat',0,'Pradhan','Tanmaya','Sarogini Swain',NULL,'','','9294061162 (F)','','9619925608(M)','400042',2,'2016-05-21 11:53:45','2016-06-04 07:01:38'),(119,'A/1202, Lodha Imperia, Tank Road, Bhandup West ','','AB+ve','2013-07-17 00:00:00','sheetalmali84@gmail.com','','amit.jathar99@gmail.com','Amit Jathar',NULL,'Rajas',0,'Jathar','Amit','Sheetal Jathar',NULL,'','','9167871122','','9769623036 (M)','400078',1,'2016-05-21 11:53:45','2016-06-04 06:39:36'),(120,'1401,C wing,Gundecha Altura','','B+ve','2013-11-19 00:00:00','shilpasjoshi@aol.com','shilpasjoshi@aol.com','shashanksjoshi@aol.com','Shashank Joshi',NULL,'Barkha',1,'Joshi','Shashank','Shilpa Joshi',NULL,'','Likes to put crayons in her mouth.\r\nlikes to lick dust st times.','','','9009867776','400078',1,'2016-05-21 11:53:45','2016-06-04 06:35:09'),(121,'B-1201 Gundecha Heights oppSt Xaviers college L.B.S Marg Kanjurmarg West','','B+ve','2013-12-08 00:00:00','amit_nerurkar@yahoo.com','','','Amit Nerurkar',NULL,'Anudnya',1,'Nerurkar','Amit ','Bhagyashri Nerurkar',NULL,'','','9584465141 (F)','','7506032866 (M)','400078',1,'2016-05-21 11:53:45','2016-06-04 05:14:22'),(122,'E-2003,Mahindra Splendor L.B.S Marg bhandup W','Allergy to cream on face','','2013-05-03 00:00:00','nishidh.sharma@gmail.com','','monalimohanty@gmail.com','Nishidh Sharma',NULL,'Sharvi',1,'Sharma','Nishidh Sharma','Monali Mohanty',NULL,'','','9769912381','','9987370615(M)','400078',2,'2016-05-21 11:53:45','2016-06-04 05:31:47'),(123,'A602 Mahindra Splendour L.B.S  Marg Bhandup West  Mumbai ','','B+ve','2014-06-05 00:00:00','neelasreek@yahoo.co.in','','dipanjanpal10@gmail.com','Dipanjan Pal',NULL,'Ayanabho',0,'Pal','','Neelasree Deb',NULL,'','more attention needs to be given towards his speech development.','996719689','','7738928884','400078',1,'2016-05-21 11:53:45','2016-05-31 08:00:26'),(124,'3A/201 Dreams Complex','','AB+ve','2014-06-03 00:00:00','sonali.margaj@gmail.com','','dipeshsatam@gmail.com','Dipesh Satam',NULL,'Ditikaa',1,'Satam','Dipesh','Sonali Satam',NULL,'','','9819253969','','9820364349','400078',1,'2016-05-21 11:53:45','2016-06-04 06:53:40'),(125,'E, 804,Mahindra Splendor','','','2014-06-10 00:00:00','shreya.deb@gmail.com','','nalin1482@gmail.com','Nalin Agrawal',NULL,'Avik',0,'Agarwal','Nalin','Shreya Deb',NULL,'Indian','','9987026671','','9987028820','400078',1,'2016-05-21 11:53:45','2016-05-31 14:22:33'),(126,'1/DWing Flat No-906,Dreams Complex','','O+ve','2013-12-19 00:00:00','anandravinder8@gmail.com','','','Ravindar Anand',NULL,'Prabhgun',1,'Anand','Kaur','Babli Anand',NULL,'','she hae delayed Milstones so she wants personal attention fron your side.','7303202430','','9004842368','400078',1,'2016-05-21 11:53:45','2016-06-04 04:53:03'),(127,'Dreams Complex','Paracetiamol\r\n\r\nIncase there is any problem related to her sight (vision)pls inform her parents.','O+ve','2013-11-04 00:00:00','aigistnalian@gmail.com','','biyambgmail.com','Biya Mary Binnu',NULL,'Aneira',0,'Nalian','Aigis','Aigis Thomas Nalian',NULL,'','','9820652471','','9619613105','400078',1,'2016-05-21 11:53:45','2016-06-03 08:52:36'),(128,'3A-1601,Dreams Homes  Complex','','','2014-03-04 00:00:00','ramyabdi@gmail.com','','sateesh.koppada@firenich.com','Sateesh Babu Koppada',NULL,'Charith',0,'Koppada','Vihaan','B.D.L.Ramya',NULL,'Indian','','8454949829','','8879795955','400078',1,'2016-05-21 11:53:45','2016-05-31 14:06:52'),(129,'B-wing,Gundecha Heights, L.B.S Road,Kanjurmarg(W)','','','2014-04-26 00:00:00','amitcmore@gmail.com','','sarika.shinde06@gmail.com','Amit  More ',NULL,'Shlok',0,'More','Amit','Sarika More',NULL,'','Watching songs on mobile while eating meals,without this he will not eat his meals properly.','9833154402','','9833944458','400078',1,'2016-05-21 11:53:45','2016-05-31 07:09:19'),(130,'D-1701, Mahindra Splendour, LBS RD ','Shell fish','','2014-03-16 00:00:00','kinnari.bhatia@gmail.com','','ravi.mendon@gmail.com','Ravi',NULL,'Theia',1,'Mendon','Ravi','Kinnari Bhatia',NULL,'Indian','','9833118101','','9833518101','400078',2,'2016-05-21 11:53:45','2016-06-13 14:47:33'),(131,'Flat No 402, Plot No 102,Om Ganesh CHS Sector-01, Sanpada,Navi mumbai ','','','2014-10-29 00:00:00','netubal1981@yahoo.co.in','','depradipatkari@gmail.com','Dr. Pradip Atkari',NULL,'Amaira',1,'Atkari','Pradip','Dr. Navneet Bal',NULL,'','','9819315114','','9819218288','400078',1,'2016-05-21 11:53:45','2016-05-31 05:35:25'),(132,'Flat no 305,C block. Chaitanya Society, Bhandup east','N.A','','2014-08-18 00:00:00','sarada.muthougi@gmail.com','','shravan1408@gmail.com','Sravan Bhandekar',NULL,'Aarna',1,'Bhandekar','Sravan','Sarada Rani',NULL,'','','9820898892','','42423912','400078',1,'2016-05-21 11:53:45','2016-05-31 06:01:24'),(133,'A-704, Lords CHS, Village Raod, Nahur, Bhandup west,Mumbai ','N.A','','2013-08-23 00:00:00','mamtaputhran@gmail.com','','satyajitgawde@gmail.com','Satyajit Gawde',NULL,'Shamanth',0,'Gawde','','Mamta Gawde',NULL,'','Shamanth is afraid of loud noiselike crackers, honking sound.','9870479060','','9821216941','400078',1,'2016-05-21 11:53:45','2016-05-31 05:16:46'),(134,'A-1103,Gundecha Altura','','','2014-02-24 00:00:00','dhotre1103@yahoo.com','','','',NULL,'Yash',0,'Dhotre','','',NULL,'','','9869872460(F)','','8108208126(M)','',1,'2016-05-21 11:53:45','2016-05-26 14:49:53'),(135,'Dreams Complex','','','2011-06-06 00:00:00','sameers78@gmail.com','','pallavi.p.pawar@gmail.com','',NULL,'Niskha',0,'Sawant','','',NULL,'','','9819410988 (F)','','9820613707(M)','',1,'2016-05-21 11:53:45','2016-05-26 14:39:48'),(136,'C-1602,Gundecha Altura, Kanjurmarg','','','2013-10-25 00:00:00','sudhindraharikrishnan@yahoo.com','','urvashi_pawar@rediffmail.com','',NULL,'Shresth',0,'S','','',NULL,'','','9987680011(F)','','9920782696/ 9987632696','',1,'2016-05-21 11:53:45','2016-05-26 14:38:53'),(137,'C-1604,Gundecha Altura, Kanjurmarg','','','2014-05-10 00:00:00','ankitjn@gmailcom','','','','','Ananya',0,'Jain','','','','','','','','9167873554','',1,'2016-05-21 11:53:45','2016-05-26 14:25:12'),(138,'1A, Nakshatra,Kukreja Complex','','','2014-07-30 00:00:00','archna10@gmail.com','','varun_0811@yahoo.co.in','','','Ayansh',0,'Gupta','','','','','','9967198378','','9930803125','',1,'2016-05-21 11:53:45','2016-05-26 14:24:26'),(536,'804, Horizon Point, Neptune','','','2013-05-12 00:00:00','situ.b.tank@gmail.com','','tvijay_in@yahoo.com','Vijay','','Viaan',0,'Tank','Vijay','Situ','','','','9820331962','','9819707383','400078',0,'2016-05-24 06:24:25','2016-05-24 06:24:25'),(537,'603 Augustine house, kamal park next to Neptune','','','2013-11-08 00:00:00','amal@web2ui.com','','moumita@web2ui.com','Amalendu Hazar','','Areenjoy',0,'Hazra','Amalendu','Moumita Bag 6','','','','9967637014','','7039017015','400078',6,'2016-05-24 11:19:31','2016-05-24 14:06:54'),(1453,'4C/ 505, Dreams Complex','','B+ve','2013-11-29 00:00:00','dipeshdagha@gmail.com','','ketkidagha@gmail.com','Dipesh',NULL,'Palak ',1,'Dagha','Dipesh','Ketki',NULL,'Indian','','9821965551','','9892948848','400078',3,'2016-05-26 14:57:03','2016-06-04 06:29:08'),(1909,'B/901,Gundecha Altura','Egg','','2014-05-29 00:00:00','ravuri.pavani@gmail.com','','iamcountdracula@gmail.com','Aditya ',NULL,'Ahana ',1,'Sarma','Aditya','R.V.Pavani',NULL,'Indian','','9867271286','','9867271383','400078',1,'2016-05-28 13:20:19','2016-05-28 13:23:04'),(1910,'201/E wing,Sainath Appts,Ashok Kedare Chowk,Bhandup west','','','2013-10-05 00:00:00','smruti.desai8@gmail.com','','videsh17@gmail.com','Videsh',NULL,'Aarush',0,'Kadam','Videsh ','Smruti',NULL,'Indian','','9967580150','','9619332123','400078',1,'2016-05-31 15:04:19','2016-05-31 15:05:21'),(1911,'E-2504,Mahindra Splendour Opp Metro, L.B.S Marg Bhandup (W)','','','2013-08-28 00:00:00','jhasangita29@gmail.com','','pushkar29@gmail.com','Pushkara Nand Jha','','Pranjali',1,'Jha','pushkara Nand ','Sangita Jha','','','','99875844235','','70453601607','400078',0,'2016-06-03 11:01:22','2016-06-03 11:01:22'),(1912,'B-1402,Lodha Imperia,Bhandup west','Brinjal','o+','2013-08-22 00:00:00','purnima.deshmukh@gmail.com','','milind_finance@yahoo.com','Milind','','Aditya',0,'Naik','Milind','Purnima','','Indian','','9324190122','022 67964175','9987091991','400078',0,'2016-06-03 15:36:00','2016-06-03 15:36:00'),(1913,'Flat No 704,7th floor,snowden peak, Neptune living point, L.B.S Marg Bhandup w','Egg','','2013-10-02 00:00:00','shailjabali@gmail.com','','anubhavsaxena990@gmail.com','Anubhav Saxena',NULL,'Agastya ',0,'Saxena','Anubhav','Shailja Bali',NULL,'','','9930290095','','9619194245','400078',1,'2016-06-04 10:46:23','2016-06-04 11:42:06'),(1916,'Mahindra Splendor','','','2014-11-17 00:00:00','bhutani.dj@gmail.com','','ashishbhutani7@gmail.com','Ashish',NULL,'Aarav ',0,'Bhutani','Ashish','Divya',NULL,'','','9833077708','','9769694342','400078',1,'2016-06-04 12:46:08','2016-06-07 07:13:39'),(1917,'A1104,Mahindra Splendour, L.B.S Marg,\r\nbhandup w','','O+ve','2012-04-29 00:00:00','sequeirasheridan@gmail.com','','arulvaz@yahoo.com','Arul Vaz',NULL,'Arika',1,'Vaz','Arul','Sheridan Sequeira',NULL,'','Please inform Parents as soon as child registers a temperature of 98.6 and above.','9833517216','','9619171353','400078',1,'2016-06-04 16:53:24','2016-06-04 16:55:13'),(1918,'1403/1C, Dreams Complex, L.B.S marg,\r\nBhandup w','','B+ve','2014-03-18 00:00:00','smitha199@gmail.com','','kiran.pdesign@gmail.com','Kiran Sudhakaran','','Ananya',1,'Kiran','Kiran','Smitha Kiran','','','','9619344014','','9820850120','400078',0,'2016-06-04 17:09:48','2016-06-04 17:09:48'),(1920,'2D-804,Dheeraj Dreams,LBS marg,Bhandup west.','','0+ve','2014-01-17 00:00:00','deepal1983@gmail.com','','shailya.ka@gmail.com','Shailesh',NULL,'Aahana',1,'Kadam','Shailesh','Deepal',NULL,'Indian','She has a sensitive skin and very prone to diaper rash, please check her daipers every 15 mins if possible. (espcially if she has not passed motion since morning)\r\n','9819226167','','9867744239','400078',1,'2016-06-06 13:22:43','2016-06-07 21:12:30'),(1921,'E-302 Sai Aashish Kukreja Complex Bhandup Village Rd Bhandup W','','','2008-09-13 00:00:00','puurnimap@gmail.co','','poojary_sridhar@yahoo.co.in','Sridhar Poojary',NULL,'Gaurav',0,'Poojary','Sridhar','Puurnima Poojary',NULL,'','','9820463761','','9769532360','400078',3,'2016-06-07 04:54:32','2016-06-07 07:04:13'),(1922,'901,Snowden Peak Neptune LivingPiont , Behind Magnet mall L.B.S marg Bhandup W','','','2011-08-24 00:00:00','puri.kosambia@nlelsen.com','','san2.kum@gmail.com','Santosh Kumar','','Kiaan',0,'Kumar','Santosh ','Purvi Kumar','','','','7715027267','','9833981733','400078',0,'2016-06-07 07:58:33','2016-06-07 07:58:33'),(1923,'2501,B wing, Mahavir Universe L.B.S marg Bhandup W','','','2015-01-12 00:00:00','nakade.rashmi@gmail.com','','vilasgpathak@gmail.com','Vilas Pathak','','Raghav',0,'Pathak','Vilas','Renu Pathak','','','','9167336663','','9987728195','400078',0,'2016-06-07 08:28:45','2016-06-07 08:28:45'),(1924,'C-801, Asha Kunj, Samarth Gardev CHS Bhandup W ','','B+ve','2013-06-07 00:00:00','ritumishrajpr@yahoo.com','','banerjeesumeet@gmail.com','Sumeet Banerjee','','Aanya',1,'Banerjee','Sumeet','Ritu Banerjee','','','','8008799771','','8828104488','400078',0,'2016-06-07 09:07:39','2016-06-07 09:07:39'),(1926,'1602, Snowden peak, living Point Behind Neputne Mall Bhandup W','','B+ve','2013-05-28 00:00:00','richanigam17@rediffmail.com','','vikassrivastava03@gmail.com','Vikas Srivastava','','Vihaan ',0,'Srivastava','Vikas','Richa Nigam','','','','8879688017','','9930488645','400078',0,'2016-06-08 06:41:41','2016-06-08 06:41:41'),(1927,'1202,Micro Srishti, Nr Modi Hyundai Service Center opp Shangrila Biscuit Factory  Bhandup W ','','A+ve','2012-06-16 00:00:00','sweta4684@gmail.com','aniruth.singh@tatamoters.com','anirudhpratapaingh@gmail.com','Anirudh Pratap Singh','','Toshini',1,'Singh','Anirudh','Sweta Banerjee','','','','9769441108','','9619203342\\9322431302','400078',0,'2016-06-08 07:24:26','2016-06-08 07:24:26'),(1929,'Flat No 1901 Charming hills bhandup W','','A+ve ','2012-09-24 00:00:00','priyankaa.sharmaa@gmail.com','','callingnishant@gmail.com','Nishant Kumar',NULL,'Vhaan',0,'Agarwal','Nishant ','Priyanka Kumar',NULL,'','He should always wear socks and should be changed immediately if he gets wet as he catches cold very fast\r\n','8451046147','','8451863080','400078',1,'2016-06-08 10:47:03','2016-06-08 18:24:59'),(1930,'Great Eastern Garden','','AB+ve','2015-03-10 00:00:00','piya.bajwa@gmail.com','','salujaparamjeet@gmail.com','Paramjeet Saluja',NULL,'Eeha',1,'Saluja','Paramjeet','Vimalpreet Bajwa',NULL,'','Personal attention help her eat well','9892537833','','9892063264','400078',1,'2016-06-08 17:17:05','2016-06-10 12:36:22'),(1931,'Flat 404 Pluto B-Wing ,Suncity Complex,JVLR,Powai,Mumbai-400076','','A+','2015-04-08 00:00:00','gdeepika15@gmail.com','','abhishekkumarg @gmail.com','Abhishek Gupta','','Ansh',0,'Gupta','Abhishek Kumar','Deepika Gupta','','','Sometime he does not eat we need to show him video songs or nursery rhymes or busy with toys. Feed him to be friendly with him.','900470525','','9004920525','400076',0,'2016-06-08 17:34:51','2016-06-08 17:34:51'),(1932,'Flat no-204,silver castle,Plot no 65,sec-50E Near Vijaya bank,seawood,nerul,Navi Mumbai-400706','','B+ve','2015-06-15 00:00:00','engg.vibhutibhardwaj@gmail.com','','amitmishra06@gmail.com','Amit Mishra','','Evana',1,'Mishra','Amit','Vibhuti.B. Mishra','','','','8451046944','','8879991590','400706',0,'2016-06-08 18:03:00','2016-06-08 18:03:00'),(1933,'A-401,LORDS CHS VILLAGE ROAD,BHANDUP [WEST],MUMBAI-400078','','O+','2015-04-30 00:00:00','silpy1708@gmail.com','','anujgupta5878@gmail.com','Anuj Gupta','','Anush',0,'Gupta','Anuj','Silpy Gupta','','','He can not sleep if there is noise and light.Please keep the room little dark and free of sound so that he can sleep far long.he cannot drink cold milk the milk has to be warm.','9167340708','','9167340709','400078',0,'2016-06-08 18:23:50','2016-06-08 18:23:50'),(1934,'1103 A Mayuresh Residency opp Asian Paint LBS Road Mumbai-76','','A+','2014-12-27 00:00:00','abhishikha1780@gmail.com','abhishikha thapliyal@icici bank.com','rachit.goswani@gmail.com','Rachit  Goswani','','Reyansh',0,'Goswani','Rachit','Adhishikha Thapliyal','','','No very small object near him.','9820738247','','8879770220','400076',0,'2016-06-08 18:43:47','2016-06-08 18:43:47'),(1935,'1706,MICRO SHRISHTI,OPP.SHANGIRILLA BISCUIT FACTORY,LBS ROAD,BHANDUP[WEST] MUMBAI-400078','','AB+','2015-05-05 00:00:00','rupaliadvirkar@gmail.com','','ashutosh.ad@gmail.com','Ashutosh Advirkar','','Aryaman',0,'Advirkar','Ashutosh','Rupali Advirkar','','','','9819120645','','9833394532','400078',0,'2016-06-08 18:53:42','2016-06-08 18:53:42'),(1936,'Flat 704,A wing,Mahavir Universe,LBS marg,Bhandup[WEST],Mumbai-78','','B+','2015-08-20 00:00:00','24.manmeet@gmail.com','','gmunial@gmail.com','Gurpreet Singh Munial','','Gurman',0,'Munial','Gurpeet Singh','Mameet Kaur ','','','Currently he needs mother and his milk for sleeping,to go off it will be the challenge for the care facility and staff.','9004064446','','9930974169','400078',0,'2016-06-08 19:07:33','2016-06-08 19:07:33'),(1937,'B-202 Mahavir Universe,LBS Road Bhandup West','','','2015-01-18 00:00:00','guptasakshi777@gmail.com','','punit.r.mittal@gmail.com','Punit Mittal ','','Ayansh',0,'Mittal','Punit','Sakshi Mittal','','','','9820972153','','9594043241','400078',0,'2016-06-08 19:17:53','2016-06-08 19:17:53'),(1938,'C1004 Mahindra Splendor, L.B.S RD Bhandup W','','B+ve','2010-10-30 00:00:00','nayana.marathe@capgemini.com','','aniruddha.marathe@outlook.com','Aniruddha Marathe','','Sameehan ',0,'Marathe','Aniruddha','Nayana Marathe','','','He is fussy about eating a little pudding should help most case he will eat bread butter jam or maggi','9820278094','','9820100420','400078',0,'2016-06-09 07:12:53','2016-06-09 07:12:53'),(1939,'304-B, Gundecha Altura, L.B.S Road Kanjurmarg W ','','','2010-12-06 00:00:00','anumahajan1942@yahoo.com','','guvishal@gmail.com','Vishal Gupta','','Navya',1,'Gupta','Vishal','Anu Gupta','','','Afraid of Magician, jockers','9820099375','','9967059811','400078',0,'2016-06-10 11:21:25','2016-06-10 11:21:25'),(1940,'A-601,The Aareel Tower CHS,Bhattipada','','A+','2014-04-01 00:00:00','namurock89@gmail.com','','V_vaibs@rediffmail.com','Vaibhav','Edelweiss House,Kalina','Spruha',1,'Vichare','Vaibhav','Namrata','','Indian','','9833925488','','9870298976','400078',0,'2016-06-11 08:53:32','2016-06-11 08:53:32'),(1941,'Ravindra ashram mali chawl,R.no. 5,bhattipada,near Hotel Pride','','','2014-06-26 00:00:00','','','smrealitydevelopers@hotmail.com','Sachin',NULL,'Lailesh',0,'More','Sachin','Swati',NULL,'Indian','','9967340718','','9619386636','400078',2,'2016-06-11 08:56:46','2016-06-11 09:09:53'),(1942,'Neptune','','','2013-03-11 00:00:00','sumedhaissona@gmail.com','','','Nishant',NULL,'Anvi',1,'Verma','Nishant','Sumedha',NULL,'Indian','','9819724868','','9820971334','400078',1,'2016-06-11 08:59:10','2016-06-13 10:18:12'),(1943,'A-904,Marathon Cosmos,LBS marg,Mulund west','','','2014-05-19 00:00:00','rekha_shetty@yahoo.com','','','Nitin','','Naitik',0,'Shetty','Nitin','Rekha','','Indian','','','','9987551301','',0,'2016-06-14 13:56:20','2016-06-14 13:56:20');
/*!40000 ALTER TABLE `child` ENABLE KEYS */;
UNLOCK TABLES;

--
-- Table structure for table `child_admissions`
--

DROP TABLE IF EXISTS `child_admissions`;
/*!40101 SET @saved_cs_client     = @@character_set_client */;
/*!40101 SET character_set_client = utf8 */;
CREATE TABLE `child_admissions` (
  `child` bigint(20) NOT NULL,
  `admissions` bigint(20) NOT NULL,
  PRIMARY KEY (`child`,`admissions`),
  UNIQUE KEY `UK_s0nvgqbrtgec0f4jlb8i9ynq7` (`admissions`),
  CONSTRAINT `FK_b1p2umbchvj30oj4qkdpjvvrb` FOREIGN KEY (`child`) REFERENCES `child` (`id`),
  CONSTRAINT `FK_s0nvgqbrtgec0f4jlb8i9ynq7` FOREIGN KEY (`admissions`) REFERENCES `admission` (`id`)
) ENGINE=InnoDB DEFAULT CHARSET=utf8;
/*!40101 SET character_set_client = @saved_cs_client */;

--
-- Dumping data for table `child_admissions`
--

LOCK TABLES `child_admissions` WRITE;
/*!40000 ALTER TABLE `child_admissions` DISABLE KEYS */;
/*!40000 ALTER TABLE `child_admissions` ENABLE KEYS */;
UNLOCK TABLES;

--
-- Table structure for table `child_aud`
--

DROP TABLE IF EXISTS `child_aud`;
/*!40101 SET @saved_cs_client     = @@character_set_client */;
/*!40101 SET character_set_client = utf8 */;
CREATE TABLE `child_aud` (
  `id` bigint(20) NOT NULL,
  `rev` int(11) NOT NULL,
  `revtype` tinyint(4) DEFAULT NULL,
  `address` varchar(200) DEFAULT NULL,
  `allergy` varchar(150) DEFAULT NULL,
  `blood_group` varchar(20) DEFAULT NULL,
  `dob` datetime DEFAULT NULL,
  `email_one` varchar(100) DEFAULT NULL,
  `email_three` varchar(100) DEFAULT NULL,
  `email_two` varchar(100) DEFAULT NULL,
  `father_name` varchar(60) DEFAULT NULL,
  `father_organization` varchar(50) DEFAULT NULL,
  `first_name` varchar(30) DEFAULT NULL,
  `gender` int(11) DEFAULT NULL,
  `last_name` varchar(30) DEFAULT NULL,
  `middle_name` varchar(30) DEFAULT NULL,
  `mother_name` varchar(60) DEFAULT NULL,
  `mother_organization` varchar(50) DEFAULT NULL,
  `nationality` varchar(50) DEFAULT NULL,
  `notes` varchar(400) DEFAULT NULL,
  `phone_father` varchar(30) DEFAULT NULL,
  `phone_home` varchar(30) DEFAULT NULL,
  `phone_mother` varchar(30) DEFAULT NULL,
  `pincode` varchar(6) DEFAULT NULL,
  `creation_ts` timestamp NOT NULL DEFAULT CURRENT_TIMESTAMP,
  `update_ts` datetime DEFAULT NULL,
  PRIMARY KEY (`id`,`rev`),
  KEY `FK_h6pvaq2xde1n8fbtp070lj4ai` (`rev`),
  CONSTRAINT `FK_h6pvaq2xde1n8fbtp070lj4ai` FOREIGN KEY (`rev`) REFERENCES `revinfo` (`rev`)
) ENGINE=InnoDB DEFAULT CHARSET=utf8;
/*!40101 SET character_set_client = @saved_cs_client */;

--
-- Dumping data for table `child_aud`
--

LOCK TABLES `child_aud` WRITE;
/*!40000 ALTER TABLE `child_aud` DISABLE KEYS */;
INSERT INTO `child_aud` VALUES (2,20,1,'804,Star lake,Neptune','','','2012-05-23 00:00:00','deepika.ramani@abcconsultants.in','','','','','Kyra',1,'Ramani','','Deepika Ramani','','','','','','9167700879','1','2016-05-21 05:42:25',NULL),(3,20,1,'C 1602,Mahindra Splendor','','','2009-06-30 00:00:00','s_shah_81@yahoo.com','sumigupta@gmail.com','','Sumit Gupta','','Nandini',1,'Gupta','','','','','Date of Birth not known','','9820936116','9820420398','1','2016-05-21 05:42:25',NULL),(4,20,1,'A-1403,Gundecha Altura, Kanjurmarg','','','2013-11-19 00:00:00','vidyamenon21@gmail.com','sureshmenon75@gmail.com','','Suresh Menon','','Arjun',1,'Menon','','Vidya Menon','','','','','9769211325','9867959555','1','2016-05-21 05:42:25',NULL),(4,32,1,'A-1403,Gundecha Altura, Kanjurmarg','','','2013-11-19 00:00:00','vidyamenon21@gmail.com','sureshmenon75@gmail.com','','Suresh Menon','','Arjun',1,'Menon','','Vidya Menon','','','','','9769211325','9867959555','1','2016-05-21 11:13:05',NULL),(5,20,1,'B 302 Mahindra Bhnadup','','','1905-06-30 00:00:00','bhutani.dj@gmail.com','ashishbhutani7@gmail.com','','Ashish Bhutani','','Anaisha',1,'bhutani','','Divya Bhutani','','','','','9833077708','9769694342','1','2016-05-21 05:42:25',NULL),(5,133,1,'B 302 Mahindra Bhnadup','','','1995-06-30 00:00:00','bhutani.dj@gmail.com','ashishbhutani7@gmail.com','','Ashish Bhutani','','Anaisha',1,'bhutani','','Divya Bhutani','','','','','9833077708','9769694342','1','2016-05-25 18:26:25',NULL),(6,20,1,'Gundecha Heights, Kanjurmarg','','','2013-10-10 00:00:00','geetamanjarika@gmail.com','sameermp@rediffmail.com','','Sameer Parmar','','Yanisha',1,'Parmar','','Geetamanjarika','','','','','9920288283','9920993873','1','2016-05-21 05:42:25',NULL),(6,26,1,'Gundecha Heights, Kanjurmarg','','','2013-10-10 00:00:00','geetamanjarika@gmail.com','sameermp@rediffmail.com','','Sameer Parmar','','Yanisha',1,'Parmar','','Geetamanjarika','','','','','9920288283','9920993873','1','2016-05-21 11:08:55',NULL),(7,20,1,'A 1901 Mahindra Spendor','','','2014-11-02 00:00:00','Jayaraj.nita@gmail.com','','','','','Arav',1,'Nair','','Nita Nair','','','','','','9820407000','1','2016-05-21 05:42:25',NULL),(8,20,1,'A 1901 Mahindra Splendor','','','2011-11-24 00:00:00','Jayaraj.nita@gmail.com','','','','','Aria',1,'Nair','','Nita Nair','','','','','','9820407000','1','2016-05-21 05:42:25',NULL),(9,20,1,'704-Snowden Peak, Living Point, Neptune','','','2000-01-01 00:00:00','shailjabali@gmail.com','','','','','Agastya',1,'Saxena','','Shailija Bali','','','','','','9619194245','1','2016-05-21 05:42:25',NULL),(10,20,1,'A 1801, Mahindra Splendor ','','','2000-01-01 00:00:00','sonaltalathi@gmail.com','','','','','Ryan',1,'Joseph','','Sonal','','','','','','9820489731','1','2016-05-21 05:42:25',NULL),(10,24,1,'A 1801, Mahindra Splendor ','','','2000-01-01 00:00:00','sonaltalathi@gmail.com','','','','','Ryan',1,'Joseph','','Sonal','','','','','','9820489731','1','2016-05-21 11:05:57',NULL),(10,25,1,'A 1801, Mahindra Splendor ','','','2013-07-09 00:00:00','sonaltalathi@gmail.com','','','','','Ryan',1,'Joseph','','Sonal','','','','9820227989','','9820489731','','2016-05-21 11:07:48',NULL),(11,20,1,'P-404,Mayuresh Shristi','','','2009-10-24 00:00:00','bharati.k77@rediffmail.com','','','Prashant','','Dhruvi',1,'Prashant','','Bharati','','','','','9833415515','9920432061','1','2016-05-21 05:42:25',NULL),(12,20,1,'1/A, Dreams complex','','','2012-08-24 00:00:00','dhazra81@gmail.com','','','','','Reana',1,'Hazra','','Dhrubajyoti\r\nShreejata','','','','','','9051757527','1','2016-05-21 05:42:25',NULL),(13,20,1,'207/5, NCH Colony','','','2008-04-24 00:00:00','cbehera@yahoo.com','','','','','Ishika',1,'Raturi','','Vinod','','','','','','8080113663','1','2016-05-21 05:42:25',NULL),(14,20,1,'D-801, Joy Homes','','','2012-06-20 00:00:00','dr.shrutiprabhu@gmail.com','','','Atul','','Unnati',1,'Prabhu','','Shruti','','','','','7208056048','9892065717','1','2016-05-21 05:42:25',NULL),(15,20,1,'B-101,Gundecha Altura','','','2013-12-22 00:00:00','bhogade@gmail.com','','','','','Avantika',1,'Korde','','ASHISH','','','','','','7738096106','1','2016-05-21 05:42:25',NULL),(15,31,1,'B-101,Gundecha Altura','','','2013-12-22 00:00:00','bhogade@gmail.com','','','','','Avantika',1,'Korde','','ASHISH','','','','','','7738096106','1','2016-05-21 11:12:27',NULL),(15,120,1,'B-101,Gundecha Altura','','','2013-12-22 00:00:00','bhogade@gmail.com','','','','','Avantika',1,'Korde','','ASHISH','','','','','','7738096106','1','2016-05-25 12:13:15',NULL),(15,122,1,'B-101,Gundecha Altura','','','2013-12-22 00:00:00','bhogade@gmail.com','','','','','Avantika',1,'Korde','','ASHISH','','','','','','7738096106','1','2016-05-25 12:23:45',NULL),(16,20,1,'K-101,Mayuresh Shrishti','','','2011-04-12 00:00:00','manish-acharekar@yahoo.com','manishar@way2wealth.com','','','','Daksh',1,'Acharekar','','priyanaka','','','','','9820108866','9920328866','1','2016-05-21 05:42:25',NULL),(17,20,1,'207/7,NCH Colony','','','2008-10-21 00:00:00','cbehera1@yahoo.com','','','','','Anushree',1,'Behera','','','','','','','','9320114931','1','2016-05-21 05:42:25',NULL),(18,20,1,'Gundecha Heights','','','2000-01-01 00:00:00','sukumarbeena@rediffmail.com','moorthy.karthik@mahindra.com','','','','Anika',1,'Moorthy','','Beena','','','','','','9820236845','1','2016-05-21 05:42:25',NULL),(18,51,1,'Gundecha Heights','','','2000-01-01 00:00:00','sukumarbeena@rediffmail.com','moorthy.karthik@mahindra.com','','','','Anika',1,'Moorthy','','Beena','','','','','','9820236845','1','2016-05-22 05:19:05',NULL),(18,52,1,'Gundecha Heights','','','2013-06-07 00:00:00','sukumarbeena@rediffmail.com','moorthy.karthik@mahindra.com','','','','Anika',1,'Moorthy','','Beena','','','','','','9820236845','1','2016-05-22 05:22:30',NULL),(18,53,1,'B-1603,Gundecha Heights, Kanjurmarg','','','2013-06-07 00:00:00','sukumarbeena@rediffmail.com','moorthy.karthik@mahindra.com','','','','Anika',1,'Moorthy','','Beena','','','','','','9820236845','1','2016-05-22 05:23:40',NULL),(19,20,1,'Pickup at Mahavir,    \r\nDrop at Dreams','','','2011-10-23 00:00:00','khule.ripali@gmail.com','','','','','Ashman',1,'Khule','','Sandeep/Ruplai','','','','','9969668044 Drop','9920723737 Pickup','1','2016-05-21 05:42:25',NULL),(20,20,1,'Bld 130/01 NCH Colony','','','2010-11-08 00:00:00','csahu702@gmail.com','','','','','Shreiya',1,'Sahu','','Subrat/Chapala','','','','','','9167857357','1','2016-05-21 05:42:25',NULL),(21,20,1,'C-502, Mahavir Universe','','','2011-09-03 00:00:00','dhond-saloni@yahoo.in','','','','','Shanaya',1,'Sequeira','','Quentin','','','','','','9892754388','1','2016-05-21 05:42:25',NULL),(22,20,1,'2103 A wing Mahavir Universe','','','2013-07-12 00:00:00','aarti.malhotra19@gmail.com','','','','','Mansh',1,'Malhotra','','Gaurav Aarti','','','','','9867525878','9867525878','1','2016-05-21 05:42:25',NULL),(23,20,1,'2603 Mahindra','','','2013-05-20 00:00:00','harini.dhamodaran@gmail.com','','','','','Aditri',1,'Prassnana','','Harini','','','','','9892432132','9920742581','1','2016-05-21 05:42:25',NULL),(24,20,1,'B-502,Gundecha HEights','','','2011-09-09 00:00:00','priya.vyassharma@gmail.com','','','','','Khayati',1,'Sharma','','Priya','','','','','','9930966176','1','2016-05-21 05:42:25',NULL),(25,20,1,'Dreams','','','2013-06-30 00:00:00','vardaphatak@yahoo.com\n ','aniket.world@gmail.com','','','','Alishaa',1,'Khanzode','','Varda ','','','','','','9769048633','1','2016-05-21 05:42:25',NULL),(26,20,1,'601-A, Mahindra Splendor','','','2013-11-24 00:00:00','moncy.mathews@kotak.com','','','','','Alysia',1,'Mathews','','Moncy','','','','','','9819252513','1','2016-05-21 05:42:25',NULL),(26,27,1,'601-A, Mahindra Splendor','','','2013-11-24 00:00:00','moncy.mathews@kotak.com','','','','','Alysia',1,'Mathews','','Moncy','','','','','','9819252513','1','2016-05-21 11:09:32',NULL),(27,20,1,'147/04, NCH Colony','','','2005-11-27 00:00:00','gopalsingh188@gmail.com','','','','','Anjali',1,'Singh','','Gopal','','','','','','9987174754','1','2016-05-21 05:42:25',NULL),(28,20,1,'NCH','','','2009-07-31 00:00:00','mk10609k@gmail.com','','','','','Rajlaxmi',1,'?','','Mukesh','','','','','','9324794343','1','2016-05-21 05:42:25',NULL),(29,20,1,'D-704,Mahindra Splendor','','','2011-06-15 00:00:00','khyativikani@gmail.com','vinit.2525@gmail.com','','','','Aneri',1,'Bhatt','','Khyati Bhatt','','','','','9833248848','9833421534','1','2016-05-21 05:42:26',NULL),(30,20,1,'D-703,Great Easterns Gardens, Kanjurmarg west','','','2011-10-17 00:00:00','kshipra.s.bhardwaj@gmail.com','','','Hemant Bhardwaj','','Vaanya',1,'Bhardwaj','','Shipra Bhardwaj','','','','','9769701815','9833540656','1','2016-05-21 05:42:26',NULL),(31,20,1,'B-502,Gundecha Altura, Kanjurmarg','','','2008-09-16 00:00:00','geetabsai@hotmail.com','','','Mr. Rao','','Shubhay',1,'Curpad','','Geeta Sai','','','','','9821185496( Grandpa)','9870595493( Grandma)','1','2016-05-21 05:42:26',NULL),(32,20,1,'2D/1603,Dreams Complex','','','2010-09-30 00:00:00','priyanka.025@gmail.com','','','Abhishek Parmar','','Pratyush',1,'Sarkar','','Priyanka Sarkar','','','','','9833611413','9820112510','1','2016-05-21 05:42:26',NULL),(33,20,1,'A 205 Gundecha Heights','','','2012-06-25 00:00:00','kamathdurga@gmail.com','sandeshkamathk@gmail.com','','Sandesh Kamath','','Shriya',1,'Kamath','','Durga Kamath','','','','','9845024934','9833988886','1','2016-05-21 05:42:26',NULL),(34,20,1,'B-1501,Gundecha Heights,Kanjurmarg,west','','','2012-12-26 00:00:00','mayur-67@yahoo.com','','','','','Anmay',1,'Patil','','Mayur Patil','','','','','9820806875','9892963504','1','2016-05-21 05:42:26',NULL),(35,20,1,'M-522,Mayuresh Park,Lake road','','','2008-12-25 00:00:00','shubhanair_1977@yahoo.co.in','','','','','Jahnavi',1,'nair','','Prakash','','','','','','9892258753','1','2016-05-21 05:42:26',NULL),(36,20,1,'A 1804 Gundecha Altura','','','2010-03-07 00:00:00','shivanibhide77@gmail.com','','','','','Pratyush',1,'Bhide','','Shivani','','','','','9819979601','9769907726','1','2016-05-21 05:42:26',NULL),(37,20,1,'Gundecha','','','1905-07-04 00:00:00','snehaghate@gmail.com','shantanuprabhune@gmail.com','','','','Sanika',1,'Prabhune','','Shantanu','','','','','9930695359','9167208142','1','2016-05-21 05:42:26',NULL),(37,29,1,'Gundecha','','','1905-07-04 00:00:00','snehaghate@gmail.com','shantanuprabhune@gmail.com','','','','Sanika',1,'Prabhune','','Shantanu','','','','','9930695359','9167208142','1','2016-05-21 11:10:43',NULL),(37,54,1,'B-1202,Gundecha Heights','','','1905-07-04 00:00:00','snehaghate@gmail.com','shantanuprabhune@gmail.com','','','','Sanika',1,'Prabhune','','Shantanu','','','','','9930695359','9167208142','1','2016-05-22 05:25:23',NULL),(37,55,1,'B-1202,Gundecha Heights','','','2013-08-22 00:00:00','snehaghate@gmail.com','shantanuprabhune@gmail.com','','','','Sanika',1,'Prabhune','','Shantanu','','','','','9930695359','9167208142','1','2016-05-22 05:26:02',NULL),(38,20,1,'K-304, Mayuresh Park ,Lake Road,Bhandup (w)','','','1905-07-04 00:00:00','sangeeto@gmail.com','','','','','Myra',1,'Kabadi','','','','','','','','9820444885','1','2016-05-21 05:42:26',NULL),(38,140,1,'K-304, Mayuresh Park ,Lake Road,Bhandup (w)','','','1906-07-04 00:00:00','sangeeto@gmail.com','','','','','Myra',1,'Kabadi','','','','','','','','9820444885','1','2016-05-26 05:19:25',NULL),(38,189,1,'K-304, Mayuresh Park ,Lake Road,Bhandup (w)','','','2012-06-17 00:00:00','sangeeto@gmail.com','','kabadi.omkar@gmail.com','Omkar Kabadi',NULL,'Myra',1,'Kabadi','Omkar','Sangeetha Rao',NULL,'','','9769444885','','9820444885','400078','2016-05-31 14:47:50',NULL),(38,190,1,'K-304, Mayuresh Park ,Lake Road,Bhandup (w)','','','2012-06-17 00:00:00','sangeeto@gmail.com','','kabadi.omkar@gmail.com','Omkar Kabadi',NULL,'Myra',1,'Kabadi','Omkar','Sangeetha Rao',NULL,'','','9769444885','','9820444885','400078','2016-05-31 14:50:55',NULL),(39,20,1,': M-702, Mayuresh Park, Lake R','','','2011-07-09 00:00:00','anoop.pec@gmail.com','','','','','Shaurya',1,'Chaudhary','','Anoop Singh','','','','','9920601993','9920250403','1','2016-05-21 05:42:25',NULL),(40,20,1,'1001, D wing Dreams','','','2011-10-06 00:00:00','garimaramchandani@yahoo.com','','','','','Jeet',1,'Anandani','','Garima','','','','022-61273003','9819935885','9930317367','1','2016-05-21 05:42:25',NULL),(41,20,1,'Srishti Hieghts','','','2008-10-08 00:00:00','sheets123@gmail.com','','','','','Aahana',1,'Sawant','','','','','','','25956113','9766331036','1','2016-05-21 05:42:26',NULL),(42,20,1,'B-304 Samarth Garden Shangrilla','','','2010-05-26 00:00:00','agninair@yahoo.com','','','','','Aryan',1,'Pillai','','','','','','','9930430360','9930530320','1','2016-05-21 05:42:26',NULL),(43,20,1,'1003 Erica Apt Joy Home','','','2010-06-17 00:00:00','agnes81p@gmail.com','','','','','Manav',1,'Patel','','','','','','','','9930966118','1','2016-05-21 05:42:26',NULL),(44,20,1,'A-2004,Mahavir Universe','','','2008-06-06 00:00:00','reshma.pingle@gmail.com','','','','','Parth',1,'Pingle','','Reshma','','','','','','9819429839','1','2016-05-21 05:42:25',NULL),(45,20,1,'Gundecha','','','2009-06-13 00:00:00','arora.tanishkaa@gmail.com','','','','','Dishika',1,'Arora','','Tanishka','','','','','','9594220004','1','2016-05-21 05:42:25',NULL),(46,20,1,'Charming Hills Neptune ','','','2010-01-13 00:00:00','sindyjohn01@gmail.com','griboshin@gmail.com','','','','Mikhal',1,'Vellanthron','','Sindhu','','','','','9819092456','9819158098','1','2016-05-21 05:42:26',NULL),(46,60,1,'Charming Hills Neptune ','','','2010-01-13 00:00:00','sindyjohn01@gmail.com','griboshin@gmail.com','','','','Mikhail',1,'Vellanthron','','Sindhu','','','','','9819092456','9819158098','1','2016-05-23 10:25:04',NULL),(46,61,1,'Charming Hills Neptune ','','','2010-01-13 00:00:00','sindyjohn01@gmail.com','griboshin@gmail.com','','Griboshin Vellanthrov','','Mikhail',0,'Vellanthrov','','sindy john','','','','','9819092456','9819158098','1','2016-05-23 11:28:21',NULL),(47,20,1,'A1104 Gundecha Heights ','','','2011-01-04 00:00:00','bansals@orbimed.com','','','','','Avika',1,'Bansal','','Swati  ','','','','','9833719683','9833180438','1','2016-05-21 05:42:26',NULL),(48,20,1,'Augusta-3401,Lodha Aurum Grande Kanjurmarg (E)','','','2013-10-02 00:00:00','suchitrapanda05@gmail.com','babu.nayak@gs.com','','','','Vihaan',1,'Nayak','','Suchitra ','','','','9619285633(G.M)','9930679593(G.P)','981960618','1','2016-05-21 05:42:25',NULL),(49,20,1,'H-18,NCH Colony','','','2007-04-23 00:00:00','anuradhahgaur26@gmail.com','hariom16@gmail.com','','Hariom','','Aastha',1,'Gaur','','Anuradha','','','','','9029033726','9757456416','1','2016-05-21 05:42:26',NULL),(50,20,1,'B-1402, Gundecha Heights','','','2011-01-24 00:00:00','smriti.kjain@gmail.com','','','','','Kritika',1,'Jain','','Smriti','','','','','','7666767484','1','2016-05-21 05:42:26',NULL),(51,20,1,'C-403, Gundecha Heights','','','2009-07-16 00:00:00','prenig@yahoo.co.in','','','','','Tanvi',1,'Thombare','','Prerana','','','','','','9820238528','1','2016-05-21 05:42:26',NULL),(52,20,1,'B-101,Gundecha Heights','','','2011-01-01 00:00:00','hricha.mukherjee@gmail.com','debu1024@gmail.com','','','','Aarav',1,'Das','','Hricha','','','','','9004686776','25774235','1','2016-05-21 05:42:26',NULL),(53,20,1,'24/D, Gate No5, Miniland, Tank Rd Bhandup ','','','2009-11-22 00:00:00','rajeev@micrologicnet.com','','','','','Aryan',1,'Rajiv','','Tresa ','','','','9820215918','25968921','25955178','1','2016-05-21 05:42:26',NULL),(54,20,1,'B-1004, Gundecha Heights, Kanjurmarg W','','','2009-06-24 00:00:00','drsinymathew2006@hotmail. com','','','','','Reya',1,'Mathew','','Dr. Siny Mathew','','','','','9322838295','9324402825','1','2016-05-21 05:42:26',NULL),(55,20,1,'601 Sovereign, Hiranandani Gardens, Powai','Milk, Cashew','B+','2010-03-09 00:00:00','amit01@gmail.com','','soniachugha@gmail.com','Amit Agrawal','','Alya',1,'Agrawal','','Sonia Chugh','','USA','','9920966937','','9820064125','400076','2016-05-21 05:42:26',NULL),(55,101,1,'601 Sovereign, Hiranandani Gardens, Powai','Milk, Cashew','B+','2010-03-09 00:00:00','amit01@gmail.com','','soniachugha@gmail.com','Amit Agrawal','','Alya',1,'Agrawal','','Sonia Chugh','','USA','','9920966937','','9820064125','400076','2016-05-24 15:39:31',NULL),(55,102,1,'601 Sovereign, Hiranandani Gardens, Powai','Milk, Cashew','B+','2010-03-09 00:00:00','amit01@gmail.com','','soniachugha@gmail.com','Amit Agrawal','','Alya',1,'Agrawal','','Sonia Chugh','','USA','','9920966937','','9820064125','400076','2016-05-24 15:39:49',NULL),(55,103,1,'601 Sovereign, Hiranandani Gardens, Powai','Milk, Cashew','B+','2010-03-09 00:00:00','amit01@gmail.com','','soniachugha@gmail.com','Amit Agrawal','','Alya',1,'Agrawal','','Sonia Chugh','','USA','','9920966937','','9820064125','400076','2016-05-24 15:41:19',NULL),(55,104,1,'601 Sovereign, Hiranandani Gardens, Powai','Milk, Cashew','B+','2010-03-09 00:00:00','amit01@gmail.com','','soniachugha@gmail.com','Amit Agrawal','','Alya',1,'Agrawal','','Sonia Chugh','','USA','','9920966937','','9820064125','400076','2016-05-24 15:41:27',NULL),(60,20,1,'Dreams','','','2012-12-09 00:00:00','reenamongia@gmail.com','','harshharora@gmail.com','','','Shivansh',0,'Arora','','Reena','','','','9819345621','','9833533789','','2016-05-21 05:42:25',NULL),(60,30,1,'Dreams','','','2012-12-09 00:00:00','reenamongia@gmail.com','','harshharora@gmail.com','','','Shivansh',0,'Arora','','Reena','','','','9819345621','','9833533789','','2016-05-21 11:11:41',NULL),(60,98,1,'Dreams','','','2012-12-09 00:00:00','reenamongia@gmail.com','','harshharora@gmail.com','','','Shivansh',0,'Arora','','Reena','','','','9819345621','','9833533789','','2016-05-24 14:47:05',NULL),(60,100,1,'Dreams','','','2012-12-09 00:00:00','reenamongia@gmail.com','','harshharora@gmail.com','','','Shivansh',0,'Arora','','Reena','','','','9819345621','','9833533789','','2016-05-24 14:58:51',NULL),(61,20,1,'35 B Miniland Bhandup','','','2013-06-09 00:00:00','abhisarika3@gmail.com','','','','','Aditri',1,'Dutta','','','','','','9594016631','','9987002658','','2016-05-21 05:42:25',NULL),(87,20,1,'Mahavir Universe','','','2013-03-05 00:00:00','sworlikar@gmail.com','','dudanisushil@gmail.com','','','Saanvi ',1,'NA','','Shruti','','','','9004075976','','9004732949','','2016-05-21 05:42:25',NULL),(88,20,1,'Mahavir Universe','','','2011-10-12 00:00:00','deepalirane2010@gmail.com','','','','','Arnav ',0,'Rane','','Dipali','','','','','','9870472525','','2016-05-21 05:42:25',NULL),(89,20,1,'Sai radha ','','','2014-04-10 00:00:00','garima2211@gmail.com','','rishi.jain@ril.com','','','Advik ',0,'Jain','','Garima','','','','9833192687','8433719975','7021772882','','2016-05-21 05:42:25',NULL),(90,20,1,'403,starlake Point Neptune','','','2010-10-25 00:00:00','sulkshana.s@gmail.com','','ajaymshinde@gmail.com','','','Janhavi ',1,'NA','','Sulkshana Shinde','','','Age Not Sure','9930877724','','9833552325','','2016-05-21 05:42:26',NULL),(92,20,1,'Gundecha Altura','','',NULL,'','','','','','Daarshik',0,'Bhattacharyya','','','','','','','','9833196061','','2016-05-21 05:42:25',NULL),(99,20,1,'A1402 Mahavir Universe LBS Marg','','','2013-02-09 00:00:00','','','dinarsk@hotmail.com','Dinar Khochare','','Manasvi',1,'Khochare','Dinar','Nandita Khochare','','Indian','','9867161799','9867189813','9769167096','400078','2016-05-21 05:42:25',NULL),(100,20,1,'A 2801 Lodha Imperia Tank Road Bhandup West','','','2012-02-20 00:00:00','rashi.bedia@gmail.com','','','','','Shivanshi ',1,'Agrawal','','Rashi','','','Shri Gopal Agrawal ','','9970588702','7208031000','','2016-05-21 05:42:25',NULL),(104,1,0,'','','','2013-08-14 00:00:00','banerjee.diti@gmail.com','','','Somnath Chatterjee','','Shivank',0,'Chatterjee','Somnath','Diti Chatterjee','','','','','','9930502754','','2016-05-17 16:05:33',NULL),(104,2,1,'','','','2013-08-14 00:00:00','banerjee.diti@gmail.com','','','Somnath Chatterjee','','Shivank',0,'Chatterjee','Somnath','Diti Chatterjee','','','','','','9930502754','','2016-05-17 16:05:33',NULL),(104,4,1,'Neptune living point Sunrise Point Apt-904-905.','','','2013-08-14 00:00:00','banerjee.diti@gmail.com','','','Somnath Chatterjee','','Shivank',0,'Chatterjee','Somnath','Diti Chatterjee','','','','','','9930502754','','2016-05-17 16:05:33',NULL),(104,8,1,'Neptune living point, Sunrise Point Apt-904-905.','','','2013-08-14 00:00:00','banerjee.diti@gmail.com','','','Somnath Chatterjee','','Shivank',0,'Chatterjee','Somnath','Diti Chatterjee','','','','','','9930502754','','2016-05-17 16:22:10',NULL),(104,9,1,'Neptune Living Point, Sunrise Point Apt-904-905.','','','2013-08-14 00:00:00','banerjee.diti@gmail.com','','','Somnath Chatterjee','','Shivank',0,'Chatterjee','Somnath','Diti Chatterjee','','','','','','9930502754','','2016-05-17 16:31:08',NULL),(104,20,1,'Neptune Living Point, Sunrise Point Apt-904-905.','','','2013-08-14 00:00:00','banerjee.diti@gmail.com','','','Somnath Chatterjee','','Shivank',0,'Chatterjee','Somnath','Diti Chatterjee','','','','','','9930502754','','2016-05-21 05:42:25',NULL),(104,28,1,'Neptune Living Point, Sunrise Point Apt-904-905.','','','2013-08-14 00:00:00','banerjee.diti@gmail.com','','','Somnath Chatterjee','','Shivank',0,'Chatterjee','Somnath','Diti Chatterjee','','','','','','9930502754','','2016-05-21 11:10:06',NULL),(105,17,0,'B.508,Nakshatra building-1, Kukreja Complex L.B.S Road Bhandup West.','','','2013-05-07 00:00:00','rajni14@gmail.com','','nnk128@gmail.com','Narender Kumar','','Anvi ',1,'Singh','Narender','Rajani Singh','','','','7045645992','','7045645991','','2016-05-20 10:48:31',NULL),(105,191,1,'B.508,Nakshatra building-1, Kukreja Complex L.B.S Road Bhandup West.','','','2013-05-07 00:00:00','rajni14@gmail.com','','nnk128@gmail.com','Narender Kumar','','Anvi ',1,'Singh','Narender','Rajani Singh','','','','7045645992','','7045645991','','2016-05-31 14:54:33',NULL),(105,240,1,'B.508,Nakshatra building-1, Kukreja Complex L.B.S Road Bhandup West.','','','2013-05-07 00:00:00','rajni14@gmail.com','','nnk128@gmail.com','Narender Kumar','','Anvi ',1,'Singh','Narender','Rajani Singh','','','','7045645992','','7045645991','','2016-06-04 19:16:52',NULL),(105,241,1,'B.508,Nakshatra building-1, Kukreja Complex L.B.S Road Bhandup West.','','','2013-05-07 00:00:00','rajni14@gmail.com','','nnk128@gmail.com','Narender Kumar','','Anvi ',1,'Singh','Narender','Rajani Singh','','','','7045645992','','7045645991','','2016-06-04 19:22:04',NULL),(105,326,1,'B.508,Nakshatra building-1, Kukreja Complex L.B.S Road Bhandup West.','','','2013-05-07 00:00:00','rajni14@gmail.com','','nnk128@gmail.com','Narender Kumar','','Anvi ',1,'Singh','Narender','Rajani Singh','','','','7045645992','','7045645991','','2016-06-09 07:24:49',NULL),(107,40,1,'804, Horizon Point, Neptune',NULL,NULL,NULL,'situ.b.tank@gmail.com',NULL,'',NULL,NULL,'Viaan',NULL,'Tank','',NULL,NULL,NULL,NULL,'',NULL,'9819707383',NULL,'2016-05-22 03:53:02',NULL),(107,85,1,'804, Horizon Point, Neptune',NULL,NULL,NULL,'situ.b.tank@gmail.com',NULL,'',NULL,NULL,'Viaan',NULL,'Tank','',NULL,NULL,NULL,NULL,'',NULL,'9819707383',NULL,'2016-05-24 14:25:22',NULL),(107,86,2,NULL,NULL,NULL,NULL,NULL,NULL,NULL,NULL,NULL,NULL,NULL,NULL,NULL,NULL,NULL,NULL,NULL,NULL,NULL,NULL,NULL,'2016-05-24 14:25:38',NULL),(108,41,1,'D- 604,Neptune Element',NULL,NULL,NULL,'anuja.vashist@gmail.com',NULL,'ravinder.vashist@gmail.com',NULL,NULL,'Riddhima',NULL,'Vashist','',NULL,NULL,NULL,NULL,'9867324471(F)',NULL,'9920035639(M)',NULL,'2016-05-22 03:53:47',NULL),(108,105,1,'D- 604,Neptune Element','','','2013-10-28 00:00:00','anuja.vashist@gmail.com','','ravinder.vashist@gmail.com','','','Riddhima',1,'Vashist','','','','','','9867324471(F)','','9920035639(M)','','2016-05-24 15:47:00',NULL),(109,42,1,'H-401,Mahindra G.E Garden, Kanjurmarg',NULL,NULL,NULL,'archana.khaire@gmail.com',NULL,'bharat.walung@gmail.com',NULL,NULL,'Aarush',NULL,'Walunj','',NULL,NULL,NULL,NULL,'9833960221',NULL,'9820876850',NULL,'2016-05-22 03:54:16',NULL),(109,106,1,'H-401,Mahindra G.E Garden, Kanjurmarg','','','2013-05-12 00:00:00','archana.khaire@gmail.com','','bharat.walung@gmail.com','','','Aarush',0,'Walunj','','','','','','9833960221','','9820876850','','2016-05-24 15:52:33',NULL),(110,43,1,'1601-D, Mahindra Splendor',NULL,NULL,NULL,'ajbaunthiyal@gmail.com',NULL,'rahul.baunthiyal@gmail.com',NULL,NULL,'Nishka',NULL,'Baunthiyal','',NULL,NULL,NULL,NULL,'',NULL,'8976017000(m)',NULL,'2016-05-22 04:10:09',NULL),(110,219,1,'1601-D, Mahindra Splendor L.B.S Marg Bhandup W ','Don\'t like Tangy Foods','','2013-07-20 00:00:00','ajbaunthiyal@gmail.com','','rahul.baunthiyal@gmail.com','Rahul Baunthiyal',NULL,'Nishka',1,'Baunthiyal','Rahul','Anjum Baunthiyal',NULL,'','Nishkais soft spoken child & is best when nicely spoken too.\r\nShe is disciplined & Quiet ,u need to ask her if she gets hurt & may not tell by herself.','','','8976017000(m)','400078','2016-06-04 10:01:24',NULL),(111,44,1,'A-801, Gundecha Altura, L.B.S Road Kanjurmarg (W)',NULL,NULL,NULL,'sandeshladha@yahoo.com',NULL,'pratikshaladha1@gmail.com',NULL,NULL,'Riddhi',NULL,'Ladha','',NULL,NULL,NULL,NULL,'',NULL,'09867728556(M)',NULL,'2016-05-22 04:10:51',NULL),(111,218,1,'A-801, Gundecha Altura, L.B.S Road Kanjurmarg (W)','','','2013-09-09 00:00:00','sandeshladha@yahoo.com','','pratikshaladha1@gmail.com','Sandesh',NULL,'Riddhi',1,'Ladha','Sandesh ','Pratiksha',NULL,'','','','','09867728556(M)','400078','2016-06-04 09:46:54',NULL),(112,45,1,'',NULL,NULL,NULL,'prithasagar.a@gmail.com',NULL,'suresh.deshpande79@gmail.com',NULL,NULL,'Akshaj',NULL,'Deshpande','',NULL,NULL,NULL,NULL,'9930976664',NULL,'9619449346',NULL,'2016-05-22 04:11:39',NULL),(112,215,1,'302A , Gundecha Heights, L.B.S Marg, Kangur Marg ','','A+ve','2013-10-05 00:00:00','prithasagar.a@gmail.com','','suresh.deshpande79@gmail.com','Suresh Deshpande',NULL,'Akshaj',0,'Deshpande','Suresh','Pritha Deshpande',NULL,'','','9930976664','','9619449346','400078','2016-06-04 08:19:12',NULL),(112,226,1,'302A , Gundecha Heights, L.B.S Marg, Kangur Marg ','','A+ve','2013-10-05 00:00:00','prithasagar.a@gmail.com','','suresh.deshpande79@gmail.com','Suresh Deshpande',NULL,'Akshaj',0,'Deshpande','Suresh','Pritha Deshpande',NULL,'','','9930976664','','9619449346','400078','2016-06-04 12:13:02',NULL),(112,248,1,'302A , Gundecha Heights, L.B.S Marg, Kangur Marg ','','A+ve','2013-10-05 00:00:00','prithasagar.a@gmail.com','','suresh.deshpande79@gmail.com','Suresh Deshpande',NULL,'Akshaj',0,'Deshpande','Suresh','Pritha Deshpande',NULL,'','','9930976664','','9619449346','400078','2016-06-06 13:32:30',NULL),(113,46,1,'',NULL,NULL,NULL,'raghavendranrs@gmail.com',NULL,'shailaja19864u@gmail.com',NULL,NULL,'Ashika',NULL,'Sukumar','',NULL,NULL,NULL,NULL,'7506074639 (M)',NULL,'9789833847 (f)',NULL,'2016-05-22 04:12:42',NULL),(113,217,1,'A/503, Aniraj Tower, Opp kaka Petrol Pump L.B.S marg Bhandup W ','','B+ve','2013-07-20 00:00:00','raghavendranrs@gmail.com','','shailaja19864u@gmail.com','Raghavendran Sukumar',NULL,'Ashika',1,'Sukumar','Raghavendran','Shailaja Sukumar',NULL,'','She likes to have personal attention and care','7506074639 (M)','','9789833847 (f)','400078','2016-06-04 08:53:21',NULL),(115,91,1,'1602,Living Point, Neptune',NULL,NULL,NULL,'richanigam17@rediffmail.com',NULL,'vikassrivastava03@gmail.com',NULL,NULL,'Vihaan',NULL,'Srivastava','',NULL,NULL,NULL,NULL,'8879688017',NULL,'9930488645',NULL,'2016-05-24 14:42:14',NULL),(115,216,1,'1602,Living Point, Neptune','','B+ve','2013-06-28 00:00:00','richanigam17@rediffmail.com','','vikassrivastava03@gmail.com','Vikas Srivastava',NULL,'Vihaan',0,'Srivastava','Vikas','Richa Nigam',NULL,'','','8879688017','','9930488645','400078','2016-06-04 08:22:31',NULL),(116,92,1,'A-402,Kailas Complex',NULL,NULL,NULL,'vinodr8@hotmail.com',NULL,'swatibijur@gmail.com',NULL,NULL,'Anvita',NULL,'Devadiga','',NULL,NULL,NULL,NULL,'9930959633(M)',NULL,'9892796667(F)',NULL,'2016-05-24 14:42:52',NULL),(116,214,1,'A-402,Kailas Complex opp Station Rd L.B.S Marg Bhandup W','','B+ve','2015-02-27 00:00:00','vinodr8@hotmail.com','','swatibijur@gmail.com','Vinod Devadiga',NULL,'Anvita',1,'Devadiga','Vinod','Swathi Devadiga',NULL,'','Don\'t shout on her as she becomes very sad.','9930959633(M)','','9892796667(F)','400078','2016-06-04 08:13:23',NULL),(116,364,1,'A-402,Kailas Complex opp Station Rd L.B.S Marg Bhandup W','','B+ve','2014-02-27 00:00:00','vinodr8@hotmail.com','','swatibijur@gmail.com','Vinod Devadiga',NULL,'Anvita',1,'Devadiga','Vinod','Swathi Devadiga',NULL,'','Don\'t shout on her as she becomes very sad.','9930959633(M)','','9892796667(F)','400078','2016-06-14 14:45:51',NULL),(117,93,1,'D-1903, Mahindra Splendor',NULL,NULL,NULL,'jaydip.popot@gmail.com',NULL,'brijbalaj@gmail.com',NULL,NULL,'Aashna',NULL,'Popat','',NULL,NULL,NULL,NULL,'9930166606(F)',NULL,'9820571950(M)',NULL,'2016-05-24 14:43:31',NULL),(117,213,1,'D-1903, Mahindra Splendour, L.B.S Marg Bhandup w','','','2013-06-06 00:00:00','jaydip.popot@gmail.com','','brijbalaj@gmail.com','Jaydip Popat',NULL,'Aashna',1,'Popat','Jaydip','Brijbala Batwal',NULL,'','','9930166606(F)','','9820571950(M)','400078','2016-06-04 07:15:54',NULL),(118,94,1,'2D-206,N G Royalpark, Kanjurmarg',NULL,NULL,NULL,'tanmay.pradhan@adityabirla.com',NULL,'saroijini.swain@akzonobel.com',NULL,NULL,'Shashwat',NULL,'Pradhan','',NULL,NULL,NULL,NULL,'9294061162 (F)',NULL,'9619925608(M)',NULL,'2016-05-24 14:44:14',NULL),(118,210,1,'2D-206,N G Royalpark, Kanjurmarg','','','2013-12-26 00:00:00','tanmay.pradhan@adityabirla.com','tanmay','saroijini.swain@akzonobel.com','Tanmaya Kumar Pradhan',NULL,'Shashwat',0,'Pradhan','Tanmaya','Sarogini Swain',NULL,'','','9294061162 (F)','','9619925608(M)','','2016-06-04 06:44:42',NULL),(118,212,1,'2D-206,N G Royalpark, Kanjurmarg (E)','','O+ve','2013-12-26 00:00:00','tanmay.pradhan@adityabirla.com','','saroijini.swain@akzonobel.com','Tanmaya Kumar Pradhan',NULL,'Shashwat',0,'Pradhan','Tanmaya','Sarogini Swain',NULL,'','','9294061162 (F)','','9619925608(M)','400042','2016-06-04 07:01:38',NULL),(118,242,1,'2D-206,N G Royalpark, Kanjurmarg (E)','','O+ve','2013-12-26 00:00:00','tanmay.pradhan@adityabirla.com','','saroijini.swain@akzonobel.com','Tanmaya Kumar Pradhan',NULL,'Shashwat',0,'Pradhan','Tanmaya','Sarogini Swain',NULL,'','','9294061162 (F)','','9619925608(M)','400042','2016-06-04 19:26:15',NULL),(119,95,1,'',NULL,NULL,NULL,'sheetalmali84@gmail.com',NULL,'',NULL,NULL,'Rajas',NULL,'Jathar','',NULL,NULL,NULL,NULL,'',NULL,'9769623036 (M)',NULL,'2016-05-24 14:44:47',NULL),(119,209,1,'A/1202, Lodha Imperia, Tank Road, Bhandup West ','','AB+ve','2013-07-17 00:00:00','sheetalmali84@gmail.com','','amit.jathar99@gmail.com','Amit Jathar',NULL,'Rajas',0,'Jathar','Amit','Sheetal Jathar',NULL,'','','9167871122','','9769623036 (M)','400078','2016-06-04 06:39:36',NULL),(120,96,1,'1401,C wing,Gundecha Altura',NULL,NULL,NULL,'shilpasjoshi@aol.com',NULL,'',NULL,NULL,'Barkha',NULL,'Joshi','',NULL,NULL,NULL,NULL,'',NULL,'9009867776',NULL,'2016-05-24 14:45:25',NULL),(120,208,1,'1401,C wing,Gundecha Altura','','B+ve','2013-11-19 00:00:00','shilpasjoshi@aol.com','shilpasjoshi@aol.com','shashanksjoshi@aol.com','Shashank Joshi',NULL,'Barkha',1,'Joshi','Shashank','Shilpa Joshi',NULL,'','Likes to put crayons in her mouth.\r\nlikes to lick dust st times.','','','9009867776','400078','2016-06-04 06:35:09',NULL),(121,97,1,'',NULL,NULL,NULL,'amit_nerurkar@yahoo.com',NULL,'',NULL,NULL,'Anudnya',NULL,'Nerurkar','',NULL,NULL,NULL,NULL,'9584465141 (F)',NULL,'7506032866 (M)',NULL,'2016-05-24 14:46:13',NULL),(121,204,1,'B-1201 Gundecha Heights oppSt Xaviers college L.B.S Marg Kanjurmarg West','','B+ve','2013-12-08 00:00:00','amit_nerurkar@yahoo.com','','','Amit Nerurkar',NULL,'Anudnya',1,'Nerurkar','Amit ','Bhagyashri Nerurkar',NULL,'','','9584465141 (F)','','7506032866 (M)','400078','2016-06-04 05:14:22',NULL),(122,99,1,'Mahindre Splendor',NULL,NULL,NULL,'',NULL,'',NULL,NULL,'Sharvi',NULL,'Sharma','',NULL,NULL,NULL,NULL,'',NULL,'9987370615(M)',NULL,'2016-05-24 14:47:31',NULL),(122,155,1,'Mahindra Splendor','','',NULL,'','','','',NULL,'Sharvi',0,'Sharma','','',NULL,'','','','','9987370615(M)','','2016-05-26 16:50:18',NULL),(122,205,1,'E-2003,Mahindra Splendor L.B.S Marg bhandup W','Allergy to cream on face','','2013-05-03 00:00:00','nishidh.sharma@gmail.com','','monalimohanty@gmail.com','Nishidh Sharma',NULL,'Sharvi',1,'Sharma','Nishidh Sharma','Monali Mohanty',NULL,'','','9769912381','','9987370615(M)','400078','2016-06-04 05:31:47',NULL),(123,131,1,'',NULL,NULL,NULL,'neelasreek@yahoo.co.in',NULL,'',NULL,NULL,'Ayanabho',NULL,'Pal','',NULL,NULL,NULL,NULL,'',NULL,'7738928884',NULL,'2016-05-25 12:57:07',NULL),(123,186,1,'A602 Mahindra Splendour L.B.S  Marg Bhandup West  Mumbai ','','B+ve','2014-06-05 00:00:00','neelasreek@yahoo.co.in','','dipanjanpal10@gmail.com','Dipanjan Pal',NULL,'Ayanabho',0,'Pal','','Neelasree Deb',NULL,'','more attention needs to be given towards his speech development.','996719689','','7738928884','400078','2016-05-31 08:00:26',NULL),(124,107,1,'',NULL,NULL,NULL,'sonali.margaj@gmail.com',NULL,'',NULL,NULL,'Ditikaa',NULL,'Satam','',NULL,NULL,NULL,NULL,'',NULL,'9820364349',NULL,'2016-05-25 09:18:00',NULL),(124,211,1,'3A/201 Dreams Complex','','AB+ve','2014-06-03 00:00:00','sonali.margaj@gmail.com','','dipeshsatam@gmail.com','Dipesh Satam',NULL,'Ditikaa',1,'Satam','Dipesh','Sonali Satam',NULL,'','','9819253969','','9820364349','400078','2016-06-04 06:53:40',NULL),(125,111,1,'E, 804,Mahindra Splendor',NULL,NULL,NULL,'shreya.deb@gmail.com',NULL,'nalin1482@gmail.com',NULL,NULL,'Avik',NULL,'Agarwal','',NULL,NULL,NULL,NULL,'9987026671',NULL,'9987028820',NULL,'2016-05-25 11:34:29',NULL),(125,188,1,'E, 804,Mahindra Splendor','','','2014-06-10 00:00:00','shreya.deb@gmail.com','','nalin1482@gmail.com','Nalin Agrawal',NULL,'Avik',0,'Agarwal','Nalin','Shreya Deb',NULL,'Indian','','9987026671','','9987028820','400078','2016-05-31 14:22:33',NULL),(126,112,1,'1D-906,Dreams Complex',NULL,NULL,NULL,'anandravinder8@gmail.com',NULL,'',NULL,NULL,'Prabhgun',NULL,'Anand','Kaur',NULL,NULL,NULL,NULL,'7303202430',NULL,'9004842368',NULL,'2016-05-25 11:36:39',NULL),(126,113,1,'1D-906,Dreams Complex',NULL,NULL,NULL,'anandravinder8@gmail.com',NULL,'',NULL,NULL,'Prabhgun',NULL,'Anand','Kaur',NULL,NULL,NULL,NULL,'7303202430',NULL,'9004842368',NULL,'2016-05-25 11:39:12',NULL),(126,116,1,'1D-906,Dreams Complex',NULL,NULL,NULL,'anandravinder8@gmail.com',NULL,'',NULL,NULL,'Prabhgun',NULL,'Anand','Kaur',NULL,NULL,NULL,NULL,'7303202430',NULL,'9004842368',NULL,'2016-05-25 11:47:59',NULL),(126,203,1,'1/DWing Flat No-906,Dreams Complex','','O+ve','2013-12-19 00:00:00','anandravinder8@gmail.com','','','Ravindar Anand',NULL,'Prabhgun',1,'Anand','Kaur','Babli Anand',NULL,'','she hae delayed Milstones so she wants personal attention fron your side.','7303202430','','9004842368','400078','2016-06-04 04:53:03',NULL),(127,115,1,'Dreams Complex',NULL,NULL,NULL,'aigistnalian@gmail.com',NULL,'',NULL,NULL,'Aneira',NULL,'Nalian','Aigis',NULL,NULL,NULL,NULL,'',NULL,'9619613105',NULL,'2016-05-25 11:43:56',NULL),(127,196,1,'Dreams Complex','Paracetiamol\r\n\r\nIncase there is any problem related to her sight (vision)pls inform her parents.','O+ve','2013-11-04 00:00:00','aigistnalian@gmail.com','','biyambgmail.com','Biya Mary Binnu',NULL,'Aneira',0,'Nalian','Aigis','Aigis Thomas Nalian',NULL,'','','9820652471','','9619613105','400078','2016-06-03 08:52:37',NULL),(128,117,1,'3A-1601,Dreams Complex',NULL,NULL,NULL,'ramyabdi@gmail.com',NULL,'',NULL,NULL,'Charith',NULL,'Koppada','Vihaan',NULL,NULL,NULL,NULL,'8454949829',NULL,'8879795955',NULL,'2016-05-25 11:52:56',NULL),(128,187,1,'3A-1601,Dreams Homes  Complex','','','2014-03-04 00:00:00','ramyabdi@gmail.com','','sateesh.koppada@firenich.com','Sateesh Babu Koppada',NULL,'Charith',0,'Koppada','Vihaan','B.D.L.Ramya',NULL,'Indian','','8454949829','','8879795955','400078','2016-05-31 14:06:52',NULL),(129,118,1,'Kanjurmarg',NULL,NULL,NULL,'amitcmore@gmail.com',NULL,'',NULL,NULL,'Shlok',NULL,'More','',NULL,NULL,NULL,NULL,'',NULL,'9833154402',NULL,'2016-05-25 12:01:51',NULL),(129,185,1,'B-wing,Gundecha Heights, L.B.S Road,Kanjurmarg(W)','','','2014-04-26 00:00:00','amitcmore@gmail.com','','sarika.shinde06@gmail.com','Amit  More ',NULL,'Shlok',0,'More','Amit','Sarika More',NULL,'','Watching songs on mobile while eating meals,without this he will not eat his meals properly.','9833154402','','9833944458','400078','2016-05-31 07:09:19',NULL),(130,119,1,'',NULL,NULL,NULL,'',NULL,'',NULL,NULL,'Theia',NULL,'Mendon','',NULL,NULL,NULL,NULL,'',NULL,'',NULL,'2016-05-25 12:06:24',NULL),(130,183,1,'D-1701, Mahindra Splendour, LBS RD ','','','2014-03-16 00:00:00','kinnari.bhatia@gmail.com','','','',NULL,'Theia',1,'Mendon','','Kinnari Bhatia',NULL,'','','','','9833518101','400078','2016-05-31 05:54:57',NULL),(130,360,1,'D-1701, Mahindra Splendour, LBS RD ','Shell fish','','2014-03-16 00:00:00','kinnari.bhatia@gmail.com','','ravi.mendon@gmail.com','Ravi',NULL,'Theia',1,'Mendon','Ravi','Kinnari Bhatia',NULL,'Indian','','9833118101','','9833518101','400078','2016-06-13 14:47:34',NULL),(131,121,1,'',NULL,NULL,NULL,'netubal1981@yahoo.co.in',NULL,'',NULL,NULL,'Amaira',NULL,'Atkari','',NULL,NULL,NULL,NULL,'',NULL,'9819218288',NULL,'2016-05-25 12:18:29',NULL),(131,182,1,'Flat No 402, Plot No 102,Om Ganesh CHS Sector-01, Sanpada,Navi mumbai ','','','2014-10-29 00:00:00','netubal1981@yahoo.co.in','','depradipatkari@gmail.com','Dr. Pradip Atkari',NULL,'Amaira',1,'Atkari','Pradip','Dr. Navneet Bal',NULL,'','','9819315114','','9819218288','400078','2016-05-31 05:35:26',NULL),(132,123,1,'Chaitanya Society, Bhandup east',NULL,NULL,NULL,'sarada.muthougi@gmail.com',NULL,'shravan1408@gmail.com',NULL,NULL,'Aarna',NULL,'Bhandekar','',NULL,NULL,NULL,NULL,'9820898892',NULL,'42423912',NULL,'2016-05-25 12:27:36',NULL),(132,184,1,'Flat no 305,C block. Chaitanya Society, Bhandup east','N.A','','2014-08-18 00:00:00','sarada.muthougi@gmail.com','','shravan1408@gmail.com','Sravan Bhandekar',NULL,'Aarna',1,'Bhandekar','Sravan','Sarada Rani',NULL,'','','9820898892','','42423912','400078','2016-05-31 06:01:24',NULL),(133,124,1,'',NULL,NULL,NULL,'mamtaputhran@gmail.com',NULL,'satyajitgawde@gmail.com',NULL,NULL,'Shamanth',NULL,'Gawde','',NULL,NULL,NULL,NULL,'9870479060',NULL,'9821216941',NULL,'2016-05-25 12:31:38',NULL),(133,181,1,'A-704, Lords CHS, Village Raod, Nahur, Bhandup west,Mumbai ','N.A','','2013-08-23 00:00:00','mamtaputhran@gmail.com','','satyajitgawde@gmail.com','Satyajit Gawde',NULL,'Shamanth',0,'Gawde','','Mamta Gawde',NULL,'','Shamanth is afraid of loud noiselike crackers, honking sound.','9870479060','','9821216941','400078','2016-05-31 05:16:46',NULL),(134,125,1,'A-1103,Gundecha Altura',NULL,NULL,NULL,'dhotre1103@yahoo.com',NULL,'',NULL,NULL,'Yash',NULL,'Dhotre','',NULL,NULL,NULL,NULL,'9869872460(F)',NULL,'8108208126(M)',NULL,'2016-05-25 12:33:01',NULL),(134,146,1,'A-1103,Gundecha Altura','','','2014-02-24 00:00:00','dhotre1103@yahoo.com','','','',NULL,'Yash',0,'Dhotre','','',NULL,'','','9869872460(F)','','8108208126(M)','','2016-05-26 14:49:53',NULL),(135,132,1,'Dreams Complex',NULL,NULL,NULL,'sameers78@gmail.com',NULL,'pallavi.p.pawar@gmail.com',NULL,NULL,'Niskha',NULL,'Sawant','',NULL,NULL,NULL,NULL,'9819410988 (F)',NULL,'9820613707(M)',NULL,'2016-05-25 13:04:06',NULL),(135,145,1,'Dreams Complex','','','2011-06-06 00:00:00','sameers78@gmail.com','','pallavi.p.pawar@gmail.com','',NULL,'Niskha',0,'Sawant','','',NULL,'','','9819410988 (F)','','9820613707(M)','','2016-05-26 14:39:48',NULL),(136,126,1,'C-1602,Gundecha Altura, Kanjurmarg',NULL,NULL,NULL,'sudhindraharikrishnan@yahoo.com',NULL,'urvashi_pawar@rediffmail.com',NULL,NULL,'Shresth',NULL,'S','',NULL,NULL,NULL,NULL,'9987680011(F)',NULL,'9920782696/ 9987632696',NULL,'2016-05-25 12:33:34',NULL),(136,144,1,'C-1602,Gundecha Altura, Kanjurmarg','','','2013-10-25 00:00:00','sudhindraharikrishnan@yahoo.com','','urvashi_pawar@rediffmail.com','',NULL,'Shresth',0,'S','','',NULL,'','','9987680011(F)','','9920782696/ 9987632696','','2016-05-26 14:38:54',NULL),(137,127,1,'C-1604,Gundecha Altura, Kanjurmarg',NULL,NULL,NULL,'ankitjn@gmailcom',NULL,'',NULL,NULL,'Ananya',NULL,'Jain','',NULL,NULL,NULL,NULL,'',NULL,'9167873554',NULL,'2016-05-25 12:34:29',NULL),(137,143,1,'C-1604,Gundecha Altura, Kanjurmarg','','','2014-05-10 00:00:00','ankitjn@gmailcom','','','','','Ananya',0,'Jain','','','','','','','','9167873554','','2016-05-26 14:25:13',NULL),(138,128,1,'1A, Nakshatra,Kukreja Complex',NULL,NULL,NULL,'archna10@gmail.com',NULL,'varun_0811@yahoo.co.in',NULL,NULL,'Ayansh',NULL,'Gupta','',NULL,NULL,NULL,NULL,'9967198378',NULL,'9930803125',NULL,'2016-05-25 12:35:13',NULL),(138,142,1,'1A, Nakshatra,Kukreja Complex','','','2014-07-30 00:00:00','archna10@gmail.com','','varun_0811@yahoo.co.in','','','Ayansh',0,'Gupta','','','','','','9967198378','','9930803125','','2016-05-26 14:24:26',NULL),(138,239,1,'1A, Nakshatra,Kukreja Complex','','','2014-07-30 00:00:00','archna10@gmail.com','','varun_0811@yahoo.co.in','','','Ayansh',0,'Gupta','','','','','','9967198378','','9930803125','','2016-06-04 19:11:29',NULL),(139,84,2,NULL,NULL,NULL,NULL,NULL,NULL,NULL,NULL,NULL,NULL,NULL,NULL,NULL,NULL,NULL,NULL,NULL,NULL,NULL,NULL,NULL,'2016-05-24 14:17:01',NULL),(308,18,0,'','','',NULL,'','','','','','dummy',0,'dummy','','','','','','','','','','2016-05-21 05:14:57',NULL),(308,19,1,'','','',NULL,'','','','','','dummy',0,'dummy','','','','','','','','','','2016-05-21 05:40:11',NULL),(308,20,1,'','','',NULL,'','','','','','dummy',0,'dummy','','','','','','','','','','2016-05-21 05:42:25',NULL),(308,21,1,'','','',NULL,'','','','','','dummy',0,'dummy','','','','','','','','','','2016-05-21 06:08:56',NULL),(308,22,1,'','','',NULL,'','','','','','dummy',0,'dummy','','','','','','','','','','2016-05-21 06:10:42',NULL),(308,23,2,NULL,NULL,NULL,NULL,NULL,NULL,NULL,NULL,NULL,NULL,NULL,NULL,NULL,NULL,NULL,NULL,NULL,NULL,NULL,NULL,NULL,'2016-05-21 06:11:20',NULL),(352,57,0,'','','',NULL,'','','','','','temp',0,'temp','','','','','','','','','','2016-05-22 05:51:21',NULL),(352,58,2,NULL,NULL,NULL,NULL,NULL,NULL,NULL,NULL,NULL,NULL,NULL,NULL,NULL,NULL,NULL,NULL,NULL,NULL,NULL,NULL,NULL,'2016-05-22 05:51:28',NULL),(535,62,0,'804, Horizon Point, Neptune','NO','','2014-05-12 00:00:00','situ.b.tank@gmail.com','','tvijay_in@yahoo.com','Vijay Tank','','Viaan',0,'Tank',' Vijay','Situ Tank','','Indian','Loud Noise','9820331962','','9819707383','400078','2016-05-24 05:41:44',NULL),(535,65,2,NULL,NULL,NULL,NULL,NULL,NULL,NULL,NULL,NULL,NULL,NULL,NULL,NULL,NULL,NULL,NULL,NULL,NULL,NULL,NULL,NULL,'2016-05-24 06:45:52',NULL),(536,63,0,'804, Horizon Point, Neptune','','','2013-05-12 00:00:00','situ.b.tank@gmail.com','','tvijay_in@yahoo.com','Vijay','','Viaan',0,'Tank','Vijay','Situ','','','','9820331962','','9819707383','400078','2016-05-24 06:24:25',NULL),(536,87,1,'804, Horizon Point, Neptune','','','2013-05-12 00:00:00','situ.b.tank@gmail.com','','tvijay_in@yahoo.com','Vijay','','Viaan',0,'Tank','Vijay','Situ','','','','9820331962','','9819707383','400078','2016-05-24 14:26:30',NULL),(537,66,0,'603 Augustine house, kamal park next to Neptune','','','2013-11-08 00:00:00','amal@web2ui.com','','moumita@web2ui.com','Amalendu Hazar','','Areenjoy',0,'Hazra','Amalendu','Moumita Bag','','','','9967637014','','7039017015','400078','2016-05-24 11:19:31',NULL),(537,68,1,'603 Augustine house, kamal park next to Neptune','','','2013-11-08 00:00:00','amal@web2ui.com','','moumita@web2ui.com','Amalendu Hazar','','Areenjoy',0,'Hazra','Amalendu','Moumita Bag 1','','','','9967637014','','7039017015','400078','2016-05-24 12:17:55',NULL),(537,69,1,'603 Augustine house, kamal park next to Neptune','','','2013-11-08 00:00:00','amal@web2ui.com','','moumita@web2ui.com','Amalendu Hazar','','Areenjoy',0,'Hazra','Amalendu','Moumita Bag','','','','9967637014','','7039017015','400078','2016-05-24 12:20:20',NULL),(537,70,1,'603 Augustine house, kamal park next to Neptune','','','2013-11-08 00:00:00','amal@web2ui.com','','moumita@web2ui.com','Amalendu Hazar','','Areenjoy',0,'Hazra','Amalendu','Moumita Bag 2','','','','9967637014','','7039017015','400078','2016-05-24 13:58:23',NULL),(537,74,1,'603 Augustine house, kamal park next to Neptune','','','2013-11-08 00:00:00','amal@web2ui.com','','moumita@web2ui.com','Amalendu Hazar','','Areenjoy',0,'Hazra','Amalendu','Moumita Bag 4','','','','9967637014','','7039017015','400078','2016-05-24 14:03:39',NULL),(537,75,1,'603 Augustine house, kamal park next to Neptune','','','2013-11-08 00:00:00','amal@web2ui.com','','moumita@web2ui.com','Amalendu Hazar','','Areenjoy',0,'Hazra','Amalendu','Moumita Bag 5','','','','9967637014','','7039017015','400078','2016-05-24 14:04:09',NULL),(537,78,1,'603 Augustine house, kamal park next to Neptune','','','2013-11-08 00:00:00','amal@web2ui.com','','moumita@web2ui.com','Amalendu Hazar','','Areenjoy',0,'Hazra','Amalendu','Moumita Bag 6','','','','9967637014','','7039017015','400078','2016-05-24 14:06:54',NULL),(537,129,1,'603 Augustine house, kamal park next to Neptune','','','2013-11-08 00:00:00','amal@web2ui.com','','moumita@web2ui.com','Amalendu Hazar','','Areenjoy',0,'Hazra','Amalendu','Moumita Bag 6','','','','9967637014','','7039017015','400078','2016-05-25 12:36:54',NULL),(537,238,1,'603 Augustine house, kamal park next to Neptune','','','2013-11-08 00:00:00','amal@web2ui.com','','moumita@web2ui.com','Amalendu Hazar','','Areenjoy',0,'Hazra','Amalendu','Moumita Bag 6','','','','9967637014','','7039017015','400078','2016-06-04 19:07:54',NULL),(538,67,0,'603 Augustine house, kamal park next to Neptune','','','2013-11-08 00:00:00','amal@web2ui.com','','moumita@web2ui.com','Amalendu Hazra','','Arinjoy',0,'Hazra','Amalendu Hazra','Moumita Bag','','','','9967637014','','7039017015','400078','2016-05-24 11:24:47',NULL),(538,77,2,NULL,NULL,NULL,NULL,NULL,NULL,NULL,NULL,NULL,NULL,NULL,NULL,NULL,NULL,NULL,NULL,NULL,NULL,NULL,NULL,NULL,'2016-05-24 14:06:07',NULL),(539,71,0,'603 Augustine house, kamal park next to Neptune','','',NULL,'amal@web2ui.com','','moumita@web2ui.com','','','Arinjoy',0,'Hazra','new','new','','','','9967637014','','7039017015','','2016-05-24 14:00:41',NULL),(539,72,1,'603 Augustine house, kamal park next to Neptune','','',NULL,'amal@web2ui.com','','moumita@web2ui.com','','','Arinjoy',0,'Hazra','new','new2','','','','9967637014','','7039017015','','2016-05-24 14:01:12',NULL),(539,73,1,'603 Augustine house, kamal park next to Neptune','','',NULL,'amal@web2ui.com','','moumita@web2ui.com','','','Arinjoy',0,'Hazra','new1','new2','','','','9967637014','','7039017015','','2016-05-24 14:03:08',NULL),(539,76,2,NULL,NULL,NULL,NULL,NULL,NULL,NULL,NULL,NULL,NULL,NULL,NULL,NULL,NULL,NULL,NULL,NULL,NULL,NULL,NULL,NULL,'2016-05-24 14:05:30',NULL),(540,79,0,'603 Augustine house, kamal park next to Neptune','','',NULL,'amal@web2ui.com','','moumita@web2ui.com','','','Arinjoy',0,'Hazra','wrong','Wr','','','','9967637014','','7039017015','','2016-05-24 14:10:00',NULL),(540,83,2,NULL,NULL,NULL,NULL,NULL,NULL,NULL,NULL,NULL,NULL,NULL,NULL,NULL,NULL,NULL,NULL,NULL,NULL,NULL,NULL,NULL,'2016-05-24 14:16:55',NULL),(541,80,0,'','','',NULL,'','','','','','abc',0,'cc','','','','','','','','','','2016-05-24 14:15:02',NULL),(541,81,1,'','','',NULL,'','','','','','abcd',0,'ccd','d','','','','','','','','','2016-05-24 14:15:41',NULL),(541,82,2,NULL,NULL,NULL,NULL,NULL,NULL,NULL,NULL,NULL,NULL,NULL,NULL,NULL,NULL,NULL,NULL,NULL,NULL,NULL,NULL,NULL,'2016-05-24 14:16:00',NULL),(1179,134,0,'','','',NULL,'','','','','','Dummy',0,'D','','','','','','','','','','2016-05-25 18:27:55',NULL),(1179,135,1,'','','',NULL,'','','','','','Dummy',0,'D','','','','','','','','','','2016-05-25 18:28:14',NULL),(1179,138,1,'','','',NULL,'','','','','','Dummy',0,'D','','','','','','','','','','2016-05-25 18:34:51',NULL),(1179,139,2,NULL,NULL,NULL,NULL,NULL,NULL,NULL,NULL,NULL,NULL,NULL,NULL,NULL,NULL,NULL,NULL,NULL,NULL,NULL,NULL,NULL,'2016-05-25 18:36:12',NULL),(1453,147,0,'4C/ 505, Dreams Complex','','',NULL,'','','','Dipesh','','Palak ',1,'Dagha','Dipesh','Ketki','','Indian','','9821965551','','9892948848','400078','2016-05-26 14:57:03',NULL),(1453,148,1,'4C/ 505, Dreams Complex','','',NULL,'dipeshdagha@gmail.com','','ketkidagha@gmail.com','Dipesh',NULL,'Palak ',1,'Dagha','Dipesh','Ketki',NULL,'Indian','','9821965551','','9892948848','400078','2016-05-26 14:58:02',NULL),(1453,149,1,'4C/ 505, Dreams Complex','','',NULL,'dipeshdagha@gmail.com','','ketkidagha@gmail.com','Dipesh',NULL,'Palak ',1,'Dagha','Dipesh','Ketki',NULL,'Indian','','9821965551','','9892948848','400078','2016-05-26 14:58:57',NULL),(1453,206,1,'4C/ 505, Dreams Complex','','','2013-11-29 00:00:00','dipeshdagha@gmail.com','','ketkidagha@gmail.com','Dipesh',NULL,'Palak ',1,'Dagha','Dipesh','Ketki',NULL,'Indian','','9821965551','','9892948848','400078','2016-06-04 06:28:30',NULL),(1453,207,1,'4C/ 505, Dreams Complex','','B+ve','2013-11-29 00:00:00','dipeshdagha@gmail.com','','ketkidagha@gmail.com','Dipesh',NULL,'Palak ',1,'Dagha','Dipesh','Ketki',NULL,'Indian','','9821965551','','9892948848','400078','2016-06-04 06:29:08',NULL),(1636,150,0,'','','','2016-04-04 00:00:00','','','','','','Dummmy',0,'Fine','','','','','','','','','','2016-05-26 16:40:43',NULL),(1636,151,1,'','','','2014-04-22 00:00:00','','','','',NULL,'Dummmy',0,'Dummy','','',NULL,'','','','','','','2016-05-26 16:41:57',NULL),(1636,152,1,'','','','2014-04-22 00:00:00','','','','',NULL,'Dummmy',0,'Dummy','','',NULL,'','','','','','','2016-05-26 16:43:03',NULL),(1636,153,1,'','','','2014-04-22 00:00:00','','','','',NULL,'Dummmy',0,'Dummy','','',NULL,'','','','','','','2016-05-26 16:44:17',NULL),(1636,154,2,NULL,NULL,NULL,NULL,NULL,NULL,NULL,NULL,NULL,NULL,NULL,NULL,NULL,NULL,NULL,NULL,NULL,NULL,NULL,NULL,NULL,'2016-05-26 16:45:03',NULL),(1909,156,0,'B/901,Gundecha Altura','Egg','','2014-05-29 00:00:00','ravuri.pavani@gmail.com','','iamcountdracula@gmail.com','Aditya ','','Ahana ',1,'Sarma','Aditya','R.V.Pavani','','Indian','','9867271286','','9867271383','400078','2016-05-28 13:20:20',NULL),(1909,157,1,'B/901,Gundecha Altura','Egg','','2014-05-29 00:00:00','ravuri.pavani@gmail.com','','iamcountdracula@gmail.com','Aditya ',NULL,'Ahana ',1,'Sarma','Aditya','R.V.Pavani',NULL,'Indian','','9867271286','','9867271383','400078','2016-05-28 13:23:04',NULL),(1909,158,1,'B/901,Gundecha Altura','Egg','','2014-05-29 00:00:00','ravuri.pavani@gmail.com','','iamcountdracula@gmail.com','Aditya ',NULL,'Ahana ',1,'Sarma','Aditya','R.V.Pavani',NULL,'Indian','','9867271286','','9867271383','400078','2016-05-28 13:23:49',NULL),(1910,192,0,'201/E wing,Sainath Appts,Ashok Kedare Chowk,Bhandup west','','','2016-05-21 00:00:00','smruti.desai8@gmail.com','','videsh17@gmail.com','Videsh','','Aarush',0,'Kadam','Videsh ','Smruti','','Indian','','9967580150','','9619332123','400078','2016-05-31 15:04:19',NULL),(1910,193,1,'201/E wing,Sainath Appts,Ashok Kedare Chowk,Bhandup west','','','2013-10-05 00:00:00','smruti.desai8@gmail.com','','videsh17@gmail.com','Videsh',NULL,'Aarush',0,'Kadam','Videsh ','Smruti',NULL,'Indian','','9967580150','','9619332123','400078','2016-05-31 15:05:21',NULL),(1910,194,1,'201/E wing,Sainath Appts,Ashok Kedare Chowk,Bhandup west','','','2013-10-05 00:00:00','smruti.desai8@gmail.com','','videsh17@gmail.com','Videsh',NULL,'Aarush',0,'Kadam','Videsh ','Smruti',NULL,'Indian','','9967580150','','9619332123','400078','2016-05-31 15:05:58',NULL),(1911,197,0,'E-2504,Mahindra Splendour Opp Metro, L.B.S Marg Bhandup (W)','','','2013-08-28 00:00:00','jhasangita29@gmail.com','','pushkar29@gmail.com','Pushkara Nand Jha','','Pranjali',1,'Jha','pushkara Nand ','Sangita Jha','','','','99875844235','','70453601607','400078','2016-06-03 11:01:22',NULL),(1911,198,1,'E-2504,Mahindra Splendour Opp Metro, L.B.S Marg Bhandup (W)','','','2013-08-28 00:00:00','jhasangita29@gmail.com','','pushkar29@gmail.com','Pushkara Nand Jha','','Pranjali',1,'Jha','pushkara Nand ','Sangita Jha','','','','99875844235','','70453601607','400078','2016-06-03 11:28:48',NULL),(1912,201,0,'B-1402,Lodha Imperia,Bhandup west','Brinjal','o+','2013-08-22 00:00:00','purnima.deshmukh@gmail.com','','milind_finance@yahoo.com','Milind','','Aditya',0,'Naik','Milind','Purnima','','Indian','','9324190122','022 67964175','9987091991','400078','2016-06-03 15:36:00',NULL),(1912,202,1,'B-1402,Lodha Imperia,Bhandup west','Brinjal','o+','2013-08-22 00:00:00','purnima.deshmukh@gmail.com','','milind_finance@yahoo.com','Milind','','Aditya',0,'Naik','Milind','Purnima','','Indian','','9324190122','022 67964175','9987091991','400078','2016-06-03 15:36:52',NULL),(1913,220,0,'Flat No 704,7th floor,snowden peak, Neptune living point, L.B.S Marg Bhandup w','Egg','','2013-10-02 00:00:00','shailjabali@gmail.com','','anubhavsaxena990@gmail.com','Anubhav Saxena','','Agasya ',1,'Saxena','Anubhav','Shailja Bali','','','','9930290095','','9618184246','400078','2016-06-04 10:46:23',NULL),(1913,221,1,'Flat No 704,7th floor,snowden peak, Neptune living point, L.B.S Marg Bhandup w','Egg','','2013-10-02 00:00:00','shailjabali@gmail.com','','anubhavsaxena990@gmail.com','Anubhav Saxena','','Agasya ',1,'Saxena','Anubhav','Shailja Bali','','','','9930290095','','9618184246','400078','2016-06-04 10:50:43',NULL),(1913,224,1,'Flat No 704,7th floor,snowden peak, Neptune living point, L.B.S Marg Bhandup w','Egg','','2013-10-02 00:00:00','shailjabali@gmail.com','','anubhavsaxena990@gmail.com','Anubhav Saxena',NULL,'Agastya ',0,'Saxena','Anubhav','Shailja Bali',NULL,'','','9930290095','','9619194245','400078','2016-06-04 11:42:06',NULL),(1914,223,0,'2D-804,Dheeraj Dreams, L.B.S marg Bhandup W','','O+ve','2015-01-17 00:00:00','deepal1983@gmail.com','','shailya.ka@gmail.come','Shailesh Kadam','','Aahana ',1,'Kadam','Shailesh','Deepal Kadam','','','She has a sensitive skin and very prone to diaper rash, please check her daipers every 15 mins if possible. (espcially if she has not passed motion since morning)','9819226167','','9867744239','400078','2016-06-04 11:41:56',NULL),(1914,299,2,NULL,NULL,NULL,NULL,NULL,NULL,NULL,NULL,NULL,NULL,NULL,NULL,NULL,NULL,NULL,NULL,NULL,NULL,NULL,NULL,NULL,'2016-06-07 21:12:59',NULL),(1915,225,0,'','','','2012-04-29 00:00:00','','','','','','Arika ',0,'Vaz','Arun','','','','','','','','','2016-06-04 12:10:02',NULL),(1915,297,2,NULL,NULL,NULL,NULL,NULL,NULL,NULL,NULL,NULL,NULL,NULL,NULL,NULL,NULL,NULL,NULL,NULL,NULL,NULL,NULL,NULL,'2016-06-07 21:10:34',NULL),(1916,227,0,'Mahindra Splendor','','',NULL,'bhutani.dj@gmail.com','','ashishbhutani7@gmail.com','Ashish','','Aarav ',0,'Bhutani','Ashish','Divya','','','','9833077708','','9769694342','400078','2016-06-04 12:46:08',NULL),(1916,228,1,'Mahindra Splendor','','',NULL,'bhutani.dj@gmail.com','','ashishbhutani7@gmail.com','Ashish','','Aarav ',0,'Bhutani','Ashish','Divya','','','','9833077708','','9769694342','400078','2016-06-04 12:46:32',NULL),(1916,267,1,'Mahindra Splendor','','','2014-11-17 00:00:00','bhutani.dj@gmail.com','','ashishbhutani7@gmail.com','Ashish',NULL,'Aarav ',0,'Bhutani','Ashish','Divya',NULL,'','','9833077708','','9769694342','400078','2016-06-07 07:13:39',NULL),(1917,229,0,'A1104,Mahindra Splendour, L.B.S Marg,\r\nbhandup w','','O+ve','2012-04-29 00:00:00','sequeirasheridan@gmail.com','','arulvaz@yahoo.com','Arul Vaz','','Arika',1,'Vaz','Arul','Sheridan Sequeira','','','','9833517216','','9619171353','400078','2016-06-04 16:53:25',NULL),(1917,230,1,'A1104,Mahindra Splendour, L.B.S Marg,\r\nbhandup w','','O+ve','2012-04-29 00:00:00','sequeirasheridan@gmail.com','','arulvaz@yahoo.com','Arul Vaz',NULL,'Arika',1,'Vaz','Arul','Sheridan Sequeira',NULL,'','Please inform Parents as soon as child registers a temperature of 98.6 and above.','9833517216','','9619171353','400078','2016-06-04 16:55:13',NULL),(1917,232,1,'A1104,Mahindra Splendour, L.B.S Marg,\r\nbhandup w','','O+ve','2012-04-29 00:00:00','sequeirasheridan@gmail.com','','arulvaz@yahoo.com','Arul Vaz',NULL,'Arika',1,'Vaz','Arul','Sheridan Sequeira',NULL,'','Please inform Parents as soon as child registers a temperature of 98.6 and above.','9833517216','','9619171353','400078','2016-06-04 17:00:14',NULL),(1918,233,0,'1403/1C, Dreams Complex, L.B.S marg,\r\nBhandup w','','B+ve','2014-03-18 00:00:00','smitha199@gmail.com','','kiran.pdesign@gmail.com','Kiran Sudhakaran','','Ananya',1,'Kiran','Kiran','Smitha Kiran','','','','9619344014','','9820850120','400078','2016-06-04 17:09:48',NULL),(1918,235,1,'1403/1C, Dreams Complex, L.B.S marg,\r\nBhandup w','','B+ve','2014-03-18 00:00:00','smitha199@gmail.com','','kiran.pdesign@gmail.com','Kiran Sudhakaran','','Ananya',1,'Kiran','Kiran','Smitha Kiran','','','','9619344014','','9820850120','400078','2016-06-04 17:13:48',NULL),(1919,244,0,'C-901, Sai Aashish,Kukreja complex,village road','','','2008-09-13 00:00:00','puurnimap@gmail.com','','','Sridhar','','Gaurav',0,'Poojary','Sridhar','Puurnima','','Indian','','9820463761','','9769532360','400078','2016-06-06 12:53:34',NULL),(1919,259,1,'C-901, Sai Aashish,Kukreja complex,village road','','','2008-09-13 00:00:00','puurnimap@gmail.com','','','Sridhar','','Gaurav',0,'Poojary','Sridhar','Puurnima','','Indian','','9820463761','','9769532360','400078','2016-06-07 06:40:07',NULL),(1919,261,1,'C-901, Sai Aashish,Kukreja complex,village road','','','2008-09-13 00:00:00','puurnimap@gmail.com','','','Sridhar','','Gaurav',0,'Poojary','Sridhar','Puurnima','','Indian','','9820463761','','9769532360','400078','2016-06-07 06:57:23',NULL),(1919,263,2,NULL,NULL,NULL,NULL,NULL,NULL,NULL,NULL,NULL,NULL,NULL,NULL,NULL,NULL,NULL,NULL,NULL,NULL,NULL,NULL,NULL,'2016-06-07 07:03:12',NULL),(1920,245,0,'2D-804,Dheeraj Dreams,LBS marg,Bhandup west.','','0+ve','2014-01-17 00:00:00','deepal1983@gmail.com','','shailya.ka@gmail.com','Shailesh','','Aahana',1,'Kadam','Shailesh','Deepal','','Indian','She has a very sencitive skin,prone to diaper rashes','9819226167','','9867744239','400078','2016-06-06 13:22:43',NULL),(1920,246,1,'2D-804,Dheeraj Dreams,LBS marg,Bhandup west.','','0+ve','2014-01-17 00:00:00','deepal1983@gmail.com','','shailya.ka@gmail.com','Shailesh','','Aahana',1,'Kadam','Shailesh','Deepal','','Indian','She has a very sencitive skin,prone to diaper rashes','9819226167','','9867744239','400078','2016-06-06 13:24:19',NULL),(1920,298,1,'2D-804,Dheeraj Dreams,LBS marg,Bhandup west.','','0+ve','2014-01-17 00:00:00','deepal1983@gmail.com','','shailya.ka@gmail.com','Shailesh',NULL,'Aahana',1,'Kadam','Shailesh','Deepal',NULL,'Indian','She has a sensitive skin and very prone to diaper rash, please check her daipers every 15 mins if possible. (espcially if she has not passed motion since morning)\r\n','9819226167','','9867744239','400078','2016-06-07 21:12:30',NULL),(1921,251,0,'E-302 Sai Aashish Kukreja Complex Bhandup Village Rd Bhandup W','','','2016-09-13 00:00:00','puurnimap@gmail.co','','poojary_sridhar@yahoo.co.in','Sridhar Poojary','','Gaurav',0,'Poojary','Sridhar','Puurnima Poojary','','','','9820463761','','9769532360','400078','2016-06-07 04:54:32',NULL),(1921,255,1,'E-302 Sai Aashish Kukreja Complex Bhandup Village Rd Bhandup W','','','2016-09-13 00:00:00','puurnimap@gmail.co','','poojary_sridhar@yahoo.co.in','Sridhar Poojary','','Gaurav',0,'Poojary','Sridhar','Puurnima Poojary','','','','9820463761','','9769532360','400078','2016-06-07 05:11:02',NULL),(1921,257,1,'E-302 Sai Aashish Kukreja Complex Bhandup Village Rd Bhandup W','','','2016-09-13 00:00:00','puurnimap@gmail.co','','poojary_sridhar@yahoo.co.in','Sridhar Poojary',NULL,'Gaurav',0,'Poojary','Sridhar','Puurnima Poojary',NULL,'','','9820463761','','9769532360','400078','2016-06-07 06:27:45',NULL),(1921,258,1,'E-302 Sai Aashish Kukreja Complex Bhandup Village Rd Bhandup W','','',NULL,'puurnimap@gmail.co','','poojary_sridhar@yahoo.co.in','Sridhar Poojary',NULL,'Gaurav',0,'Poojary','Sridhar','Puurnima Poojary',NULL,'','','9820463761','','9769532360','400078','2016-06-07 06:28:44',NULL),(1921,264,1,'E-302 Sai Aashish Kukreja Complex Bhandup Village Rd Bhandup W','','','2008-09-13 00:00:00','puurnimap@gmail.co','','poojary_sridhar@yahoo.co.in','Sridhar Poojary',NULL,'Gaurav',0,'Poojary','Sridhar','Puurnima Poojary',NULL,'','','9820463761','','9769532360','400078','2016-06-07 07:04:13',NULL),(1922,277,0,'901,Snowden Peak Neptune LivingPiont , Behind Magnet mall L.B.S marg Bhandup W','','','2011-08-24 00:00:00','puri.kosambia@nlelsen.com','','san2.kum@gmail.com','Santosh Kumar','','Kiaan',0,'Kumar','Santosh ','Purvi Kumar','','','','7715027267','','9833981733','400078','2016-06-07 07:58:33',NULL),(1922,278,1,'901,Snowden Peak Neptune LivingPiont , Behind Magnet mall L.B.S marg Bhandup W','','','2011-08-24 00:00:00','puri.kosambia@nlelsen.com','','san2.kum@gmail.com','Santosh Kumar','','Kiaan',0,'Kumar','Santosh ','Purvi Kumar','','','','7715027267','','9833981733','400078','2016-06-07 08:12:54',NULL),(1923,279,0,'2501,B wing, Mahavir Universe L.B.S marg Bhandup W','','','2015-01-12 00:00:00','nakade.rashmi@gmail.com','','vilasgpathak@gmail.com','Vilas Pathak','','Raghav',0,'Pathak','Vilas','Renu Pathak','','','','9167336663','','9987728195','400078','2016-06-07 08:28:46',NULL),(1923,281,1,'2501,B wing, Mahavir Universe L.B.S marg Bhandup W','','','2015-01-12 00:00:00','nakade.rashmi@gmail.com','','vilasgpathak@gmail.com','Vilas Pathak','','Raghav',0,'Pathak','Vilas','Renu Pathak','','','','9167336663','','9987728195','400078','2016-06-07 08:40:42',NULL),(1924,282,0,'C-801, Asha Kunj, Samarth Gardev CHS Bhandup W ','','B+ve','2013-06-07 00:00:00','ritumishrajpr@yahoo.com','','banerjeesumeet@gmail.com','Sumeet Banerjee','','Aanya',1,'Banerjee','Sumeet','Ritu Banerjee','','','','8008799771','','8828104488','400078','2016-06-07 09:07:39',NULL),(1924,283,1,'C-801, Asha Kunj, Samarth Gardev CHS Bhandup W ','','B+ve','2013-06-07 00:00:00','ritumishrajpr@yahoo.com','','banerjeesumeet@gmail.com','Sumeet Banerjee','','Aanya',1,'Banerjee','Sumeet','Ritu Banerjee','','','','8008799771','','8828104488','400078','2016-06-07 09:24:33',NULL),(1925,284,0,'Flat no-1901, Building Charming Hill Living Point Bhandup W','','A+ve','2012-09-24 00:00:00','priyankaa.sharmaa@gmail.com','','callingnishant@gmail.com','Nishant Kumar','','Vihaan',0,'Agrawal','Nishant','Priyanka Agrawal','','','He should always wear socks and should be changed immediately if he gets wet as he catches cold very fast','8451046147','','8451863080','400078','2016-06-07 10:09:04',NULL),(1925,285,1,'Flat no-1901, Building Charming Hill Living Point Bhandup W','','A+ve','2012-09-24 00:00:00','priyankaa.sharmaa@gmail.com','','callingnishant@gmail.com','Nishant Kumar','','Vihaan',0,'Agrawal','Nishant','Priyanka Agrawal','','','He should always wear socks and should be changed immediately if he gets wet as he catches cold very fast','8451046147','','8451863080','400078','2016-06-07 19:58:22',NULL),(1925,286,1,'Flat no-1901, Building Charming Hill Living Point Bhandup W','','A+ve','2012-09-24 00:00:00','priyankaa.sharmaa@gmail.com','','callingnishant@gmail.com','Nishant Kumar','','Vihaan',0,'Agrawal','Nishant','Priyanka Agrawal','','','He should always wear socks and should be changed immediately if he gets wet as he catches cold very fast','8451046147','','8451863080','400078','2016-06-07 20:38:01',NULL),(1925,315,2,NULL,NULL,NULL,NULL,NULL,NULL,NULL,NULL,NULL,NULL,NULL,NULL,NULL,NULL,NULL,NULL,NULL,NULL,NULL,NULL,NULL,'2016-06-08 18:28:01',NULL),(1926,300,0,'1602, Snowden peak, living Point Behind Neputne Mall Bhandup W','','B+ve','2013-05-28 00:00:00','richanigam17@rediffmail.com','','vikassrivastava03@gmail.com','Vikas Srivastava','','Vihaan ',0,'Srivastava','Vikas','Richa Nigam','','','','8879688017','','9930488645','400078','2016-06-08 06:41:41',NULL),(1926,301,1,'1602, Snowden peak, living Point Behind Neputne Mall Bhandup W','','B+ve','2013-05-28 00:00:00','richanigam17@rediffmail.com','','vikassrivastava03@gmail.com','Vikas Srivastava','','Vihaan ',0,'Srivastava','Vikas','Richa Nigam','','','','8879688017','','9930488645','400078','2016-06-08 07:05:31',NULL),(1927,302,0,'1202,Micro Srishti, Nr Modi Hyundai Service Center opp Shangrila Biscuit Factory  Bhandup W ','','A+ve','2012-06-16 00:00:00','sweta4684@gmail.com','aniruth.singh@tatamoters.com','anirudhpratapaingh@gmail.com','Anirudh Pratap Singh','','Toshini',1,'Singh','Anirudh','Sweta Banerjee','','','','9769441108','','9619203342\\9322431302','400078','2016-06-08 07:24:26',NULL),(1927,303,1,'1202,Micro Srishti, Nr Modi Hyundai Service Center opp Shangrila Biscuit Factory  Bhandup W ','','A+ve','2012-06-16 00:00:00','sweta4684@gmail.com','aniruth.singh@tatamoters.com','anirudhpratapaingh@gmail.com','Anirudh Pratap Singh','','Toshini',1,'Singh','Anirudh','Sweta Banerjee','','','','9769441108','','9619203342\\9322431302','400078','2016-06-08 07:25:03',NULL),(1929,304,0,'Flat No 1901 Charming hills bhandup W','','A+ve ','2012-09-24 00:00:00','priyankaa.sharmaa@gmail.com','','callingnishant@gmail.com','Nishant Kumar','','Vhaan',0,'Agarwal','Nishant ','Priyanka Kumar','','','','8451046147','','8451863080','400078','2016-06-08 10:47:03',NULL),(1929,305,1,'Flat No 1901 Charming hills bhandup W','','A+ve ','2012-09-24 00:00:00','priyankaa.sharmaa@gmail.com','','callingnishant@gmail.com','Nishant Kumar','','Vhaan',0,'Agarwal','Nishant ','Priyanka Kumar','','','','8451046147','','8451863080','400078','2016-06-08 10:48:09',NULL),(1929,313,1,'Flat No 1901 Charming hills bhandup W','','A+ve ','2012-09-24 00:00:00','priyankaa.sharmaa@gmail.com','','callingnishant@gmail.com','Nishant Kumar',NULL,'Vhaan',0,'Agarwal','Nishant ','Priyanka Kumar',NULL,'','He should always wear socks and should be changed immediately if he gets wet as he catches cold very fast\r\n','8451046147','','8451863080','400078','2016-06-08 18:24:59',NULL),(1930,306,0,'Great Eastern Garden','','AB+ve','2015-03-10 00:00:00','piya.bijwa@gmail.com','','saliyaparamjeet@gmail.com','Paramjeet Saliya','','Eeha',1,'Saliya','Paramjeet','Vimalpreet Bajwa','','','Personal attention help her eat well','9892537833','','9892063264','400078','2016-06-08 17:17:05',NULL),(1930,307,1,'Great Eastern Garden','','AB+ve','2015-03-10 00:00:00','piya.bijwa@gmail.com','','saliyaparamjeet@gmail.com','Paramjeet Saliya','','Eeha',1,'Saliya','Paramjeet','Vimalpreet Bajwa','','','Personal attention help her eat well','9892537833','','9892063264','400078','2016-06-08 17:18:15',NULL),(1930,350,1,'Great Eastern Garden','','AB+ve','2015-03-10 00:00:00','piya.bajwa@gmail.com','','salujaparamjeet@gmail.com','Paramjeet Saluja',NULL,'Eeha',1,'Saluja','Paramjeet','Vimalpreet Bajwa',NULL,'','Personal attention help her eat well','9892537833','','9892063264','400078','2016-06-10 12:36:22',NULL),(1931,308,0,'Flat 404 Pluto B-Wing ,Suncity Complex,JVLR,Powai,Mumbai-400076','','A+','2015-04-08 00:00:00','gdeepika15@gmail.com','','abhishekkumarg @gmail.com','Abhishek Gupta','','Ansh',0,'Gupta','Abhishek Kumar','Deepika Gupta','','','Sometime he does not eat we need to show him video songs or nursery rhymes or busy with toys. Feed him to be friendly with him.','900470525','','9004920525','400076','2016-06-08 17:34:51',NULL),(1931,309,1,'Flat 404 Pluto B-Wing ,Suncity Complex,JVLR,Powai,Mumbai-400076','','A+','2015-04-08 00:00:00','gdeepika15@gmail.com','','abhishekkumarg @gmail.com','Abhishek Gupta','','Ansh',0,'Gupta','Abhishek Kumar','Deepika Gupta','','','Sometime he does not eat we need to show him video songs or nursery rhymes or busy with toys. Feed him to be friendly with him.','900470525','','9004920525','400076','2016-06-08 17:46:29',NULL),(1932,310,0,'Flat no-204,silver castle,Plot no 65,sec-50E Near Vijaya bank,seawood,nerul,Navi Mumbai-400706','','B+ve','2015-06-15 00:00:00','engg.vibhutibhardwaj@gmail.com','','amitmishra06@gmail.com','Amit Mishra','','Evana',1,'Mishra','Amit','Vibhuti.B. Mishra','','','','8451046944','','8879991590','400706','2016-06-08 18:03:00',NULL),(1932,311,1,'Flat no-204,silver castle,Plot no 65,sec-50E Near Vijaya bank,seawood,nerul,Navi Mumbai-400706','','B+ve','2015-06-15 00:00:00','engg.vibhutibhardwaj@gmail.com','','amitmishra06@gmail.com','Amit Mishra','','Evana',1,'Mishra','Amit','Vibhuti.B. Mishra','','','','8451046944','','8879991590','400706','2016-06-08 18:04:59',NULL),(1933,312,0,'A-401,LORDS CHS VILLAGE ROAD,BHANDUP [WEST],MUMBAI-400078','','O+','2015-04-30 00:00:00','silpy1708@gmail.com','','anujgupta5878@gmail.com','Anuj Gupta','','Anush',0,'Gupta','Anuj','Silpy Gupta','','','He can not sleep if there is noise and light.Please keep the room little dark and free of sound so that he can sleep far long.he cannot drink cold milk the milk has to be warm.','9167340708','','9167340709','400078','2016-06-08 18:23:50',NULL),(1933,314,1,'A-401,LORDS CHS VILLAGE ROAD,BHANDUP [WEST],MUMBAI-400078','','O+','2015-04-30 00:00:00','silpy1708@gmail.com','','anujgupta5878@gmail.com','Anuj Gupta','','Anush',0,'Gupta','Anuj','Silpy Gupta','','','He can not sleep if there is noise and light.Please keep the room little dark and free of sound so that he can sleep far long.he cannot drink cold milk the milk has to be warm.','9167340708','','9167340709','400078','2016-06-08 18:27:57',NULL),(1934,316,0,'1103 A Mayuresh Residency opp Asian Paint LBS Road Mumbai-76','','A+','2014-12-27 00:00:00','abhishikha1780@gmail.com','abhishikha thapliyal@icici bank.com','rachit.goswani@gmail.com','Rachit  Goswani','','Reyansh',0,'Goswani','Rachit','Adhishikha Thapliyal','','','No very small object near him.','9820738247','','8879770220','400076','2016-06-08 18:43:47',NULL),(1934,317,1,'1103 A Mayuresh Residency opp Asian Paint LBS Road Mumbai-76','','A+','2014-12-27 00:00:00','abhishikha1780@gmail.com','abhishikha thapliyal@icici bank.com','rachit.goswani@gmail.com','Rachit  Goswani','','Reyansh',0,'Goswani','Rachit','Adhishikha Thapliyal','','','No very small object near him.','9820738247','','8879770220','400076','2016-06-08 18:45:23',NULL),(1935,318,0,'1706,MICRO SHRISHTI,OPP.SHANGIRILLA BISCUIT FACTORY,LBS ROAD,BHANDUP[WEST] MUMBAI-400078','','AB+','2015-05-05 00:00:00','rupaliadvirkar@gmail.com','','ashutosh.ad@gmail.com','Ashutosh Advirkar','','Aryaman',0,'Advirkar','Ashutosh','Rupali Advirkar','','','','9819120645','','9833394532','400078','2016-06-08 18:53:42',NULL),(1935,319,1,'1706,MICRO SHRISHTI,OPP.SHANGIRILLA BISCUIT FACTORY,LBS ROAD,BHANDUP[WEST] MUMBAI-400078','','AB+','2015-05-05 00:00:00','rupaliadvirkar@gmail.com','','ashutosh.ad@gmail.com','Ashutosh Advirkar','','Aryaman',0,'Advirkar','Ashutosh','Rupali Advirkar','','','','9819120645','','9833394532','400078','2016-06-08 18:55:08',NULL),(1936,320,0,'Flat 704,A wing,Mahavir Universe,LBS marg,Bhandup[WEST],Mumbai-78','','B+','2015-08-20 00:00:00','24.manmeet@gmail.com','','gmunial@gmail.com','Gurpreet Singh Munial','','Gurman',0,'Munial','Gurpeet Singh','Mameet Kaur ','','','Currently he needs mother and his milk for sleeping,to go off it will be the challenge for the care facility and staff.','9004064446','','9930974169','400078','2016-06-08 19:07:33',NULL),(1936,321,1,'Flat 704,A wing,Mahavir Universe,LBS marg,Bhandup[WEST],Mumbai-78','','B+','2015-08-20 00:00:00','24.manmeet@gmail.com','','gmunial@gmail.com','Gurpreet Singh Munial','','Gurman',0,'Munial','Gurpeet Singh','Mameet Kaur ','','','Currently he needs mother and his milk for sleeping,to go off it will be the challenge for the care facility and staff.','9004064446','','9930974169','400078','2016-06-08 19:11:21',NULL),(1937,322,0,'B-202 Mahavir Universe,LBS Road Bhandup West','','','2015-01-18 00:00:00','guptasakshi777@gmail.com','','punit.r.mittal@gmail.com','Punit Mittal ','','Ayansh',0,'Mittal','Punit','Sakshi Mittal','','','','9820972153','','9594043241','400078','2016-06-08 19:17:53',NULL),(1937,323,1,'B-202 Mahavir Universe,LBS Road Bhandup West','','','2015-01-18 00:00:00','guptasakshi777@gmail.com','','punit.r.mittal@gmail.com','Punit Mittal ','','Ayansh',0,'Mittal','Punit','Sakshi Mittal','','','','9820972153','','9594043241','400078','2016-06-08 19:19:16',NULL),(1938,324,0,'C1004 Mahindra Splendor, L.B.S RD Bhandup W','','B+ve','2010-10-30 00:00:00','nayana.marathe@capgemini.com','','aniruddha.marathe@outlook.com','Aniruddha Marathe','','Sameehan ',0,'Marathe','Aniruddha','Nayana Marathe','','','He is fussy about eating a little pudding should help most case he will eat bread butter jam or maggi','9820278094','','9820100420','400078','2016-06-09 07:12:53',NULL),(1938,325,1,'C1004 Mahindra Splendor, L.B.S RD Bhandup W','','B+ve','2010-10-30 00:00:00','nayana.marathe@capgemini.com','','aniruddha.marathe@outlook.com','Aniruddha Marathe','','Sameehan ',0,'Marathe','Aniruddha','Nayana Marathe','','','He is fussy about eating a little pudding should help most case he will eat bread butter jam or maggi','9820278094','','9820100420','400078','2016-06-09 07:17:38',NULL),(1939,348,0,'304-B, Gundecha Altura, L.B.S Road Kanjurmarg W ','','','2010-12-06 00:00:00','anumahajan1942@yahoo.com','','guvishal@gmail.com','Vishal Gupta','','Navya',1,'Gupta','Vishal','Anu Gupta','','','Afraid of Magician, jockers','9820099375','','9967059811','400078','2016-06-10 11:21:25',NULL),(1939,349,1,'304-B, Gundecha Altura, L.B.S Road Kanjurmarg W ','','','2010-12-06 00:00:00','anumahajan1942@yahoo.com','','guvishal@gmail.com','Vishal Gupta','','Navya',1,'Gupta','Vishal','Anu Gupta','','','Afraid of Magician, jockers','9820099375','','9967059811','400078','2016-06-10 11:22:39',NULL),(1940,351,0,'A-601,The Aareel Tower CHS,Bhattipada','','A+','2014-04-01 00:00:00','namurock89@gmail.com','','V_vaibs@rediffmail.com','Vaibhav','Edelweiss House,Kalina','Spruha',1,'Vichare','Vaibhav','Namrata','','Indian','','9833925488','','9870298976','400078','2016-06-11 08:53:32',NULL),(1940,352,1,'A-601,The Aareel Tower CHS,Bhattipada','','A+','2014-04-01 00:00:00','namurock89@gmail.com','','V_vaibs@rediffmail.com','Vaibhav','Edelweiss House,Kalina','Spruha',1,'Vichare','Vaibhav','Namrata','','Indian','','9833925488','','9870298976','400078','2016-06-11 08:54:15',NULL),(1941,353,0,'','','',NULL,'','','smrealitydevelopers@hotmail.com','Sachin','','Lailesh',0,'More','Sachin','Swati','','Indian','','9967340718','','9619386636','400078','2016-06-11 08:56:46',NULL),(1941,354,1,'','','',NULL,'','','smrealitydevelopers@hotmail.com','Sachin','','Lailesh',0,'More','Sachin','Swati','','Indian','','9967340718','','9619386636','400078','2016-06-11 08:57:07',NULL),(1941,357,1,'','','','2014-06-26 00:00:00','','','smrealitydevelopers@hotmail.com','Sachin',NULL,'Lailesh',0,'More','Sachin','Swati',NULL,'Indian','','9967340718','','9619386636','400078','2016-06-11 09:06:49',NULL),(1941,358,1,'Ravindra ashram mali chawl,R.no. 5,bhattipada,near Hotel Pride','','','2014-06-26 00:00:00','','','smrealitydevelopers@hotmail.com','Sachin',NULL,'Lailesh',0,'More','Sachin','Swati',NULL,'Indian','','9967340718','','9619386636','400078','2016-06-11 09:09:53',NULL),(1942,355,0,'Neptune','','',NULL,'sumedhaissona@gmail.com','','','Nishant','','Anvi',1,'Verma','Nishant','Sumedha','','Indian','','9819724868','','9820971334','400078','2016-06-11 08:59:10',NULL),(1942,356,1,'Neptune','','',NULL,'sumedhaissona@gmail.com','','','Nishant','','Anvi',1,'Verma','Nishant','Sumedha','','Indian','','9819724868','','9820971334','400078','2016-06-11 08:59:40',NULL),(1942,359,1,'Neptune','','','2013-03-11 00:00:00','sumedhaissona@gmail.com','','','Nishant',NULL,'Anvi',1,'Verma','Nishant','Sumedha',NULL,'Indian','','9819724868','','9820971334','400078','2016-06-13 10:18:12',NULL),(1943,361,0,'A-904,Marathon Cosmos,LBS marg,Mulund west','','','2014-05-19 00:00:00','rekha_shetty@yahoo.com','','','Nitin','','Naitik',0,'Shetty','Nitin','Rekha','','Indian','','','','9987551301','','2016-06-14 13:56:20',NULL),(1943,362,1,'A-904,Marathon Cosmos,LBS marg,Mulund west','','','2014-05-19 00:00:00','rekha_shetty@yahoo.com','','','Nitin','','Naitik',0,'Shetty','Nitin','Rekha','','Indian','','','','9987551301','','2016-06-14 13:56:56',NULL),(2289,288,0,'','','',NULL,'','','','','','ffff',0,'ffff','','','','','','','','','','2016-06-07 20:42:31',NULL),(2289,289,1,'','','',NULL,'','','','','','ffff',0,'ffff','','','','','','','','','','2016-06-07 20:43:16',NULL),(2289,290,1,'','','',NULL,'','','','','','ffff',0,'ffff','','','','','','','','','','2016-06-07 20:45:16',NULL),(2289,294,1,'','','',NULL,'','','','','','ffff',0,'ffff','','','','','','','','','','2016-06-07 21:01:06',NULL),(2289,295,1,'','','',NULL,'','','','','','ffff',0,'ffff','','','','','','','','','','2016-06-07 21:02:54',NULL),(2289,296,2,NULL,NULL,NULL,NULL,NULL,NULL,NULL,NULL,NULL,NULL,NULL,NULL,NULL,NULL,NULL,NULL,NULL,NULL,NULL,NULL,NULL,'2016-06-07 21:05:53',NULL);
/*!40000 ALTER TABLE `child_aud` ENABLE KEYS */;
UNLOCK TABLES;

--
-- Table structure for table `kids`
--

DROP TABLE IF EXISTS `kids`;
/*!40101 SET @saved_cs_client     = @@character_set_client */;
/*!40101 SET character_set_client = utf8 */;
CREATE TABLE `kids` (
  `first_name` text,
  `middle_name` text,
  `last_name` text,
  `dob` text,
  `phone_mother` text,
  `phone_father` text,
  `email_one` text,
  `email_two` text,
  `address` text
) ENGINE=InnoDB DEFAULT CHARSET=utf8;
/*!40101 SET character_set_client = @saved_cs_client */;

--
-- Dumping data for table `kids`
--

LOCK TABLES `kids` WRITE;
/*!40000 ALTER TABLE `kids` DISABLE KEYS */;
INSERT INTO `kids` VALUES ('Viaan','','Tank','12-05-2013','9819707383','','situ.b.tank@gmail.com','','804, Horizon Point, Neptune'),('Riddhima','','Vashist','28-10-2013','9920035639(M)','9867324471(F)','anuja.vashist@gmail.com','ravinder.vashist@gmail.com','D- 604,Neptune Element'),('Aarush','','Walunj','12-05-2013','9820876850','9833960221','archana.khaire@gmail.com','bharat.walung@gmail.com','H-401,Mahindra G.E Garden, Kanjurmarg'),('Nishka','','Baunthiyal','','8976017000(m)','','ajbaunthiyal@gmail.com','rahul.baunthiyal@gmail.com','1601-D, Mahindra Splendor'),('Riddhi','','Ladha','09-09-2013','09867728556(M)','','sandeshladha@yahoo.com','pratikshaladha1@gmail.com','A-801, Gundecha Altura, L.B.S Road Kanjurmarg (W)'),('Akshaj','','Deshpande','','9619449346','9930976664','prithasagar.a@gmail.com','suresh.deshpande79@gmail.com',''),('Ashika','','Sukumar','','9789833847 (f)','7506074639 (M)','raghavendranrs@gmail.com','shailaja19864u@gmail.com',''),('Anika','','Moorty','07-06-2013','9820236845(M)','','sukumarbeena@rediffmail.com','','B-1603,Gundecha Heights, Kanjurmarg'),('Vihaan','','Srivastava','28-05-2015','9930488645','8879688017','richanigam17@rediffmail.com','vikassrivastava03@gmail.com','1602,Living Point, Neptune'),('Anvita','','Devadiga','27-02-2014','9892796667(F)','9930959633(M)','vinodr8@hotmail.com','swatibijur@gmail.com','A-402,Kailas Complex'),('Aashna','','Popat','06-05-2013','9820571950(M)','9930166606(F)','jaydip.popot@gmail.com','brijbalaj@gmail.com','D-1903, Mahindra Splendor'),('Shashwat','','Pradhan','26-12-2013','9619925608(M)','9294061162 (F)','tanmay.pradhan@adityabirla.com','saroijini.swain@akzonobel.com','2D-206,N G Royalpark, Kanjurmarg'),('Rajas','','Jathar','','9769623036 (M)','','sheetalmali84@gmail.com','',''),('Barkha','','Joshi','19-11-2013','9009867776','','shilpasjoshi@aol.com','','1401,C wing,Gundecha Altura'),('Anudnya','','Nerurkar','','7506032866 (M)','9584465141 (F)','amit_nerurkar@yahoo.com','',''),('Sharvi','','Sharma','03-05-2013','9987370615(M)','','','','Mahindre Splendor'),('Ayanabho','','Pal','','7738928884','','neelasreek@yahoo.co.in','',''),('Ditikaa','','Satam','','9820364349','','sonali.margaj@gmail.com','',''),('Avik','','Agarwal','10-06-2014','9987028820','9987026671','shreya.deb@gmail.com','nalin1482@gmail.com','E, 804,Mahindra Splendor'),('Prabhgun','Kaur','Anand','19-12-2013','9004842368','7303202430','anandravinder8@gmail.com','','1D-906,Dreams Complex'),('Aneira','Aigis','Nalian','04-11-2013','9619613105','','aigistnalian@gmail.com','','Dreams Complex'),('Charith','Vihaan','Koppada','04-03-2014','8879795955','8454949829','ramyabdi@gmail.com','','3A-1601,Dreams Complex'),('Shlok','','More','','9833154402','','amitcmore@gmail.com','','Kanjurmarg'),('Theia','','Mendon','','','','','',''),('Amaira','','Atkari','','9819218288','','netubal1981@yahoo.co.in','',''),('Aarna','','Bhandekar','18-08-2014','42423912','9820898892','sarada.muthougi@gmail.com','shravan1408@gmail.com','Chaitanya Society, Bhandup east'),('Shamanth','','Gawde','','9821216941','9870479060','mamtaputhran@gmail.com','satyajitgawde@gmail.com',''),('Yash','','Dhotre','24-02-2014','8108208126(M)','9869872460(F)','dhotre1103@yahoo.com','','A-1103,Gundecha Altura'),('Niskha','','Sawant','06-06-2011','9820613707(M)','9819410988 (F)','sameers78@gmail.com','pallavi.p.pawar@gmail.com','Dreams Complex'),('Shresth','','S','25-10-2013','9920782696/ 9987632696','9987680011(F)','sudhindraharikrishnan@yahoo.com','urvashi_pawar@rediffmail.com','C-1602,Gundecha Altura, Kanjurmarg'),('Ananya','','Jain','10-05-2014','9167873554','','ankitjn@gmailcom','','C-1604,Gundecha Altura, Kanjurmarg'),('Ayansh','','Gupta','30-07-2014','9930803125','9967198378','archna10@gmail.com','varun_0811@yahoo.co.in','1A, Nakshatra,Kukreja Complex'),('Arinjoy','','Hazra','08-01-2013','7039017015','9967637014','amal@web2ui.com','moumita@web2ui.com','603 Augustine house, kamal park next to Neptune');
/*!40000 ALTER TABLE `kids` ENABLE KEYS */;
UNLOCK TABLES;

--
-- Table structure for table `payment`
--

DROP TABLE IF EXISTS `payment`;
/*!40101 SET @saved_cs_client     = @@character_set_client */;
/*!40101 SET character_set_client = utf8 */;
CREATE TABLE `payment` (
  `id` bigint(20) NOT NULL AUTO_INCREMENT,
  `amount` int(11) NOT NULL,
  `payment_date` datetime DEFAULT NULL,
  `payment_medium` int(11) NOT NULL,
  `receipt_number` varchar(30) DEFAULT NULL,
  `transaction_number` varchar(50) DEFAULT NULL,
  `version` int(11) DEFAULT NULL,
  `creation_ts` timestamp NOT NULL DEFAULT CURRENT_TIMESTAMP,
  `update_ts` timestamp NOT NULL DEFAULT CURRENT_TIMESTAMP ON UPDATE CURRENT_TIMESTAMP,
  PRIMARY KEY (`id`)
) ENGINE=InnoDB AUTO_INCREMENT=169 DEFAULT CHARSET=utf8;
/*!40101 SET character_set_client = @saved_cs_client */;

--
-- Dumping data for table `payment`
--

LOCK TABLES `payment` WRITE;
/*!40000 ALTER TABLE `payment` DISABLE KEYS */;
INSERT INTO `payment` VALUES (163,26500,'2016-05-22 00:00:00',0,'','',0,'2016-05-22 05:27:20','2016-05-22 05:27:20'),(167,21000,'2016-02-02 00:00:00',1,'2461','cheque 487318',0,'2016-05-25 09:19:54','2016-05-25 09:19:54'),(168,30500,'2016-06-02 00:00:00',1,'2017','624477',0,'2016-06-03 11:31:38','2016-06-03 11:31:38');
/*!40000 ALTER TABLE `payment` ENABLE KEYS */;
UNLOCK TABLES;

--
-- Table structure for table `payment_admissions`
--

DROP TABLE IF EXISTS `payment_admissions`;
/*!40101 SET @saved_cs_client     = @@character_set_client */;
/*!40101 SET character_set_client = utf8 */;
CREATE TABLE `payment_admissions` (
  `payments` bigint(20) NOT NULL,
  `admissions` bigint(20) NOT NULL,
  PRIMARY KEY (`payments`,`admissions`),
  KEY `FK_159scvn3e0yek4c19gigb9ee4` (`admissions`),
  CONSTRAINT `FK_159scvn3e0yek4c19gigb9ee4` FOREIGN KEY (`admissions`) REFERENCES `admission` (`id`),
  CONSTRAINT `FK_pejt1he1y3dv0gme25n0sdfx4` FOREIGN KEY (`payments`) REFERENCES `payment` (`id`)
) ENGINE=InnoDB DEFAULT CHARSET=utf8;
/*!40101 SET character_set_client = @saved_cs_client */;

--
-- Dumping data for table `payment_admissions`
--

LOCK TABLES `payment_admissions` WRITE;
/*!40000 ALTER TABLE `payment_admissions` DISABLE KEYS */;
INSERT INTO `payment_admissions` VALUES (163,163),(167,179),(168,218);
/*!40000 ALTER TABLE `payment_admissions` ENABLE KEYS */;
UNLOCK TABLES;

--
-- Table structure for table `payment_admissions_aud`
--

DROP TABLE IF EXISTS `payment_admissions_aud`;
/*!40101 SET @saved_cs_client     = @@character_set_client */;
/*!40101 SET character_set_client = utf8 */;
CREATE TABLE `payment_admissions_aud` (
  `rev` int(11) NOT NULL,
  `payments` bigint(20) NOT NULL,
  `admissions` bigint(20) NOT NULL,
  `revtype` tinyint(4) DEFAULT NULL,
  PRIMARY KEY (`rev`,`payments`,`admissions`),
  CONSTRAINT `FK_i8lljxuvcpo31smnmdw7bu559` FOREIGN KEY (`rev`) REFERENCES `revinfo` (`rev`)
) ENGINE=InnoDB DEFAULT CHARSET=utf8;
/*!40101 SET character_set_client = @saved_cs_client */;

--
-- Dumping data for table `payment_admissions_aud`
--

LOCK TABLES `payment_admissions_aud` WRITE;
/*!40000 ALTER TABLE `payment_admissions_aud` DISABLE KEYS */;
INSERT INTO `payment_admissions_aud` VALUES (56,163,163,0),(108,167,179,0),(136,174,204,0),(137,174,204,2),(199,168,218,0);
/*!40000 ALTER TABLE `payment_admissions_aud` ENABLE KEYS */;
UNLOCK TABLES;

--
-- Table structure for table `payment_aud`
--

DROP TABLE IF EXISTS `payment_aud`;
/*!40101 SET @saved_cs_client     = @@character_set_client */;
/*!40101 SET character_set_client = utf8 */;
CREATE TABLE `payment_aud` (
  `id` bigint(20) NOT NULL,
  `rev` int(11) NOT NULL,
  `revtype` tinyint(4) DEFAULT NULL,
  `amount` int(11) DEFAULT NULL,
  `payment_date` datetime DEFAULT NULL,
  `payment_medium` int(11) DEFAULT NULL,
  `receipt_number` varchar(30) DEFAULT NULL,
  `transaction_number` varchar(50) DEFAULT NULL,
  `creation_ts` timestamp NOT NULL DEFAULT CURRENT_TIMESTAMP,
  `update_ts` datetime DEFAULT NULL,
  PRIMARY KEY (`id`,`rev`),
  KEY `FK_mfmdn54w6h9k7vhnc1460ia82` (`rev`),
  CONSTRAINT `FK_mfmdn54w6h9k7vhnc1460ia82` FOREIGN KEY (`rev`) REFERENCES `revinfo` (`rev`)
) ENGINE=InnoDB DEFAULT CHARSET=utf8;
/*!40101 SET character_set_client = @saved_cs_client */;

--
-- Dumping data for table `payment_aud`
--

LOCK TABLES `payment_aud` WRITE;
/*!40000 ALTER TABLE `payment_aud` DISABLE KEYS */;
INSERT INTO `payment_aud` VALUES (163,56,0,26500,'2016-05-22 00:00:00',0,'','','2016-05-22 05:27:20',NULL),(167,108,0,21000,'2016-02-02 00:00:00',1,'2461','cheque 487318','2016-05-25 09:19:54',NULL),(168,199,0,30500,'2016-06-02 00:00:00',1,'2017','624477','2016-06-03 11:31:39',NULL),(174,136,0,55,'2016-05-25 00:00:00',0,'','','2016-05-25 18:34:02',NULL),(174,137,2,NULL,NULL,NULL,NULL,NULL,'2016-05-25 18:34:31',NULL);
/*!40000 ALTER TABLE `payment_aud` ENABLE KEYS */;
UNLOCK TABLES;

--
-- Table structure for table `program`
--

DROP TABLE IF EXISTS `program`;
/*!40101 SET @saved_cs_client     = @@character_set_client */;
/*!40101 SET character_set_client = utf8 */;
CREATE TABLE `program` (
  `id` bigint(20) NOT NULL AUTO_INCREMENT,
  `batch` varchar(255) DEFAULT NULL,
  `center` int(11) DEFAULT NULL,
  `due_date` datetime DEFAULT NULL,
  `fees` int(11) DEFAULT NULL,
  `notes` varchar(255) DEFAULT NULL,
  `term` varchar(255) NOT NULL,
  `type` varchar(255) NOT NULL,
  `version` int(11) DEFAULT NULL,
  `teacher` bigint(20) DEFAULT NULL,
  `creation_ts` timestamp NOT NULL DEFAULT CURRENT_TIMESTAMP,
  `update_ts` timestamp NOT NULL DEFAULT CURRENT_TIMESTAMP ON UPDATE CURRENT_TIMESTAMP,
  `start_date` date DEFAULT NULL,
  `teacher_two` int(11) DEFAULT NULL,
  PRIMARY KEY (`id`),
  UNIQUE KEY `UK_svgwlqk58567bjiymstfx83fg` (`type`,`term`,`batch`,`center`),
  KEY `FK_5ddb9ehbp5y8sujcb1v8ducm8` (`teacher`),
  CONSTRAINT `FK_5ddb9ehbp5y8sujcb1v8ducm8` FOREIGN KEY (`teacher`) REFERENCES `staff` (`id`)
) ENGINE=InnoDB AUTO_INCREMENT=90 DEFAULT CHARSET=utf8;
/*!40101 SET character_set_client = @saved_cs_client */;

--
-- Dumping data for table `program`
--

LOCK TABLES `program` WRITE;
/*!40000 ALTER TABLE `program` DISABLE KEYS */;
INSERT INTO `program` VALUES (1,'Morning L1',1,'2016-05-01 00:00:00',1700,'','Week 1','SC',0,1297,'2016-05-17 10:40:57','2016-05-17 11:07:30',NULL,NULL),(2,'Morning L2',1,'2016-05-01 00:00:00',1700,'','Week 1','SC',0,1297,'2016-05-17 10:40:57','2016-05-17 11:07:30',NULL,NULL),(3,'Noon    L1',1,'2016-05-01 00:00:00',1700,'','Week 1','SC',0,1297,'2016-05-17 10:40:57','2016-05-17 11:07:30',NULL,NULL),(4,'Noon    L2',1,'2016-05-01 00:00:00',1700,'','Week 1','SC',0,1297,'2016-05-17 10:40:57','2016-05-17 11:07:30',NULL,NULL),(5,'Morning L1',1,'2016-05-01 00:00:00',1700,'','Week 2','SC',0,1297,'2016-05-17 10:40:57','2016-05-17 11:07:30',NULL,NULL),(6,'Morning L2',1,'2016-05-01 00:00:00',1700,'','Week 2','SC',0,1297,'2016-05-17 10:40:57','2016-05-17 11:07:30',NULL,NULL),(7,'Noon    L1',1,'2016-05-01 00:00:00',1700,'','Week 2','SC',0,1297,'2016-05-17 10:40:57','2016-05-17 11:07:30',NULL,NULL),(8,'Noon    L2',1,'2016-05-01 00:00:00',1700,'','Week 2','SC',0,1297,'2016-05-17 10:40:57','2016-05-17 11:07:30',NULL,NULL),(9,'Morning L1',1,'2016-05-14 00:00:00',1700,'','Week 3','SC',0,1297,'2016-05-17 10:40:57','2016-05-17 11:07:30',NULL,NULL),(10,'Morning L2',1,'2016-05-14 00:00:00',1700,'','Week 3','SC',0,1297,'2016-05-17 10:40:57','2016-05-17 11:07:30',NULL,NULL),(11,'Noon    L1',1,'2016-05-14 00:00:00',1700,'','Week 3','SC',0,1297,'2016-05-17 10:40:57','2016-05-17 11:07:30',NULL,NULL),(12,'Noon    L2',1,'2016-05-14 00:00:00',1700,'','Week 3','SC',0,1297,'2016-05-17 10:40:57','2016-05-17 11:07:30',NULL,NULL),(13,'Morning L1',1,'2016-05-14 00:00:00',1700,'','Week 4','SC',0,1297,'2016-05-17 10:40:57','2016-05-17 11:07:30',NULL,NULL),(14,'Morning L2',1,'2016-05-14 00:00:00',1700,'','Week 4','SC',0,1297,'2016-05-17 10:40:57','2016-05-17 11:07:30',NULL,NULL),(15,'Noon    L1',1,'2016-05-22 00:00:00',1700,'','Week 4','SC',2,1297,'2016-05-17 10:40:57','2016-05-24 14:33:17',NULL,NULL),(16,'Noon    L2',1,'2016-05-22 00:00:00',1700,'','Week 4','SC',2,1297,'2016-05-17 10:40:57','2016-05-24 14:34:17',NULL,NULL),(51,'Morning Quarter',1,'2016-05-30 00:00:00',9999,'','May','DC',0,1297,'2016-05-17 10:40:57','2016-06-07 20:22:27',NULL,NULL),(60,'Noon    L3',1,'2016-05-21 00:00:00',1700,'','Week 3','SC',1,1297,'2016-05-17 10:40:57','2016-05-21 19:41:38',NULL,NULL),(61,'Noon    L3',1,'2016-05-22 00:00:00',1700,'','Week 4','SC',1,1297,'2016-05-17 10:40:57','2016-05-24 14:34:33',NULL,NULL),(63,'Morning',1,'2016-09-01 00:00:00',10500,'','Term 1','Play Group',2,1297,'2016-05-19 13:45:24','2016-06-14 14:46:25','2016-06-01',NULL),(64,'Late Morning',1,'2016-09-01 00:00:00',10500,'','Term 1','Play Group',3,1297,'2016-05-19 13:46:16','2016-06-14 14:46:25','2016-06-01',NULL),(65,'Morning',1,'2016-09-01 00:00:00',12000,'','Term 1','Nursery',2,1300,'2016-05-19 13:46:52','2016-06-14 14:46:25','2016-06-01',NULL),(66,'Late Morning',1,'2016-09-01 00:00:00',12000,'','Term 1','Nursery',3,1300,'2016-05-19 13:47:28','2016-06-14 14:46:25','2016-06-01',NULL),(67,'Undecided',1,'2016-09-01 00:00:00',14000,'','Term 1','Jr. K.G.',0,1297,'2016-05-19 13:48:25','2016-06-14 14:46:25','2016-06-01',NULL),(72,'Morning',1,'2016-09-01 00:00:00',10500,NULL,'Term 2','Play Group',0,1297,'2016-05-22 07:37:25','2016-06-14 14:46:41','2016-08-15',NULL),(73,'Late Morning',1,'2016-09-01 00:00:00',10500,NULL,'Term 2','Play Group',0,1297,'2016-05-22 07:37:25','2016-06-14 14:46:41','2016-08-15',NULL),(74,'Morning',1,'2016-09-01 00:00:00',12000,NULL,'Term 2','Nursery',0,1300,'2016-05-22 07:37:25','2016-06-14 14:46:41','2016-08-15',NULL),(75,'Late Morning',1,'2016-09-01 00:00:00',12000,NULL,'Term 2','Nursery',0,1300,'2016-05-22 07:37:25','2016-06-14 14:46:41','2016-08-15',NULL),(76,'Undecided',1,'2016-09-01 00:00:00',14000,NULL,'Term 2','Jr. K.G.',0,1297,'2016-05-22 07:37:25','2016-06-14 14:46:41','2016-08-15',NULL),(77,'FQP',1,'2016-06-30 00:00:00',7800,'','June','DC',0,1297,'2016-06-04 16:59:08','2016-06-04 16:59:08',NULL,NULL),(78,'FFD',1,'2016-06-30 00:00:00',13900,'','June','DC',1,1297,'2016-06-04 17:11:39','2016-06-04 17:15:19',NULL,NULL),(85,'FHD',1,'2016-06-30 00:00:00',12500,'Mon- Sat','June','DC',0,1297,'2016-06-07 05:10:13','2016-06-07 05:10:13',NULL,NULL),(86,'FFD',1,'2016-06-30 00:00:00',14900,'','June','IC',2,1297,'2016-06-07 07:18:44','2016-06-07 07:41:02',NULL,NULL),(87,'FHD',1,'2016-06-30 00:00:00',13500,'','June','IC',2,1297,'2016-06-07 07:28:30','2016-06-07 07:40:20',NULL,NULL),(88,'FQP',1,'2016-06-30 00:00:00',8800,'','June','IC',2,1297,'2016-06-07 07:38:50','2016-06-07 07:41:45',NULL,NULL),(89,'MHD',1,'2016-06-30 00:00:00',8800,'Mon-Fri','June','DC',0,1297,'2016-06-07 08:39:26','2016-06-07 08:39:26',NULL,NULL);
/*!40000 ALTER TABLE `program` ENABLE KEYS */;
UNLOCK TABLES;

--
-- Table structure for table `program_aud`
--

DROP TABLE IF EXISTS `program_aud`;
/*!40101 SET @saved_cs_client     = @@character_set_client */;
/*!40101 SET character_set_client = utf8 */;
CREATE TABLE `program_aud` (
  `id` bigint(20) NOT NULL,
  `rev` int(11) NOT NULL,
  `revtype` tinyint(4) DEFAULT NULL,
  `batch` varchar(255) DEFAULT NULL,
  `center` int(11) DEFAULT NULL,
  `due_date` datetime DEFAULT NULL,
  `fees` int(11) DEFAULT NULL,
  `notes` varchar(255) DEFAULT NULL,
  `term` varchar(255) DEFAULT NULL,
  `type` varchar(255) DEFAULT NULL,
  `teacher` bigint(20) DEFAULT NULL,
  `creation_ts` timestamp NOT NULL DEFAULT CURRENT_TIMESTAMP,
  `update_ts` datetime DEFAULT NULL,
  `start_date` date DEFAULT NULL,
  `teacher_two` int(11) DEFAULT NULL,
  PRIMARY KEY (`id`,`rev`),
  KEY `FK_916cfo5vr0v155ifitnx2bprs` (`rev`),
  CONSTRAINT `FK_916cfo5vr0v155ifitnx2bprs` FOREIGN KEY (`rev`) REFERENCES `revinfo` (`rev`)
) ENGINE=InnoDB DEFAULT CHARSET=utf8;
/*!40101 SET character_set_client = @saved_cs_client */;

--
-- Dumping data for table `program_aud`
--

LOCK TABLES `program_aud` WRITE;
/*!40000 ALTER TABLE `program_aud` DISABLE KEYS */;
INSERT INTO `program_aud` VALUES (1,20,2,NULL,NULL,NULL,NULL,NULL,NULL,NULL,NULL,'2016-05-21 05:42:25',NULL,NULL,NULL),(2,20,2,NULL,NULL,NULL,NULL,NULL,NULL,NULL,NULL,'2016-05-21 05:42:25',NULL,NULL,NULL),(3,20,2,NULL,NULL,NULL,NULL,NULL,NULL,NULL,NULL,'2016-05-21 05:42:26',NULL,NULL,NULL),(4,20,2,NULL,NULL,NULL,NULL,NULL,NULL,NULL,NULL,'2016-05-21 05:42:26',NULL,NULL,NULL),(5,20,2,NULL,NULL,NULL,NULL,NULL,NULL,NULL,NULL,'2016-05-21 05:42:25',NULL,NULL,NULL),(6,20,2,NULL,NULL,NULL,NULL,NULL,NULL,NULL,NULL,'2016-05-21 05:42:25',NULL,NULL,NULL),(7,20,2,NULL,NULL,NULL,NULL,NULL,NULL,NULL,NULL,'2016-05-21 05:42:26',NULL,NULL,NULL),(8,20,2,NULL,NULL,NULL,NULL,NULL,NULL,NULL,NULL,'2016-05-21 05:42:26',NULL,NULL,NULL),(9,2,1,'Morning L1',1,'2016-05-14 00:00:00',1700,'','Week 3','SC',1297,'2016-05-17 16:10:58',NULL,NULL,NULL),(9,20,2,NULL,NULL,NULL,NULL,NULL,NULL,NULL,NULL,'2016-05-21 05:42:25',NULL,NULL,NULL),(10,20,2,NULL,NULL,NULL,NULL,NULL,NULL,NULL,NULL,'2016-05-21 05:42:25',NULL,NULL,NULL),(11,20,2,NULL,NULL,NULL,NULL,NULL,NULL,NULL,NULL,'2016-05-21 05:42:25',NULL,NULL,NULL),(12,20,2,NULL,NULL,NULL,NULL,NULL,NULL,NULL,NULL,'2016-05-21 05:42:26',NULL,NULL,NULL),(13,5,1,'Morning L1',1,'2016-05-14 00:00:00',1700,'','Week 4','SC',1297,'2016-05-17 16:10:58',NULL,NULL,NULL),(13,20,2,NULL,NULL,NULL,NULL,NULL,NULL,NULL,NULL,'2016-05-21 05:42:25',NULL,NULL,NULL),(14,20,2,NULL,NULL,NULL,NULL,NULL,NULL,NULL,NULL,'2016-05-21 05:42:25',NULL,NULL,NULL),(15,20,2,NULL,NULL,NULL,NULL,NULL,NULL,NULL,NULL,'2016-05-21 05:42:26',NULL,NULL,NULL),(15,34,1,'Noon    L1',1,'2016-05-29 00:00:00',1700,'','Week 4','SC',1297,'2016-05-21 19:25:32',NULL,NULL,NULL),(15,88,1,'Noon    L1',1,'2016-05-22 00:00:00',1700,'','Week 4','SC',1297,'2016-05-24 14:33:17',NULL,NULL,NULL),(16,20,2,NULL,NULL,NULL,NULL,NULL,NULL,NULL,NULL,'2016-05-21 05:42:26',NULL,NULL,NULL),(16,33,1,'Noon    L2',1,'2016-05-29 00:00:00',1700,'','Week 4','SC',1297,'2016-05-21 19:24:36',NULL,NULL,NULL),(16,89,1,'Noon    L2',1,'2016-05-22 00:00:00',1700,'','Week 4','SC',1297,'2016-05-24 14:34:17',NULL,NULL,NULL),(51,20,2,NULL,NULL,NULL,NULL,NULL,NULL,NULL,NULL,'2016-05-21 05:42:25',NULL,NULL,NULL),(60,20,2,NULL,NULL,NULL,NULL,NULL,NULL,NULL,NULL,'2016-05-21 05:42:26',NULL,NULL,NULL),(60,35,1,'Noon    L3',1,'2016-05-21 00:00:00',1700,'','Week 3','SC',1297,'2016-05-21 19:41:38',NULL,NULL,NULL),(61,20,2,NULL,NULL,NULL,NULL,NULL,NULL,NULL,NULL,'2016-05-21 05:42:26',NULL,NULL,NULL),(61,90,1,'Noon    L3',1,'2016-05-22 00:00:00',1700,'','Week 4','SC',1297,'2016-05-24 14:34:33',NULL,NULL,NULL),(63,10,0,'Morning L1',1,'2016-09-01 00:00:00',11000,'','Term 1','Play Group',1297,'2016-05-19 19:15:25',NULL,NULL,NULL),(63,31,1,'Morning L1',1,'2016-09-01 00:00:00',11000,'','Term 1','Play Group',1297,'2016-05-21 11:12:27',NULL,NULL,NULL),(63,32,1,'Morning L1',1,'2016-09-01 00:00:00',11000,'','Term 1','Play Group',1297,'2016-05-21 11:13:05',NULL,NULL,NULL),(63,39,1,'Morning L1',1,'2016-09-01 00:00:00',10500,'','Term 1','Play Group',1297,'2016-05-22 03:51:47',NULL,NULL,NULL),(63,47,1,'Morning',1,'2016-09-01 00:00:00',10500,'','Term 1','Play Group',1297,'2016-05-22 05:15:42',NULL,NULL,NULL),(63,107,1,'Morning',1,'2016-09-01 00:00:00',10500,'','Term 1','Play Group',1297,'2016-05-25 09:18:00',NULL,NULL,NULL),(63,111,1,'Morning',1,'2016-09-01 00:00:00',10500,'','Term 1','Play Group',1297,'2016-05-25 11:34:29',NULL,NULL,NULL),(63,114,1,'Morning',1,'2016-09-01 00:00:00',10500,'','Term 1','Play Group',1297,'2016-05-25 11:41:33',NULL,NULL,NULL),(63,115,1,'Morning',1,'2016-09-01 00:00:00',10500,'','Term 1','Play Group',1297,'2016-05-25 11:43:56',NULL,NULL,NULL),(63,117,1,'Morning',1,'2016-09-01 00:00:00',10500,'','Term 1','Play Group',1297,'2016-05-25 11:52:56',NULL,NULL,NULL),(63,118,1,'Morning',1,'2016-09-01 00:00:00',10500,'','Term 1','Play Group',1297,'2016-05-25 12:01:51',NULL,NULL,NULL),(63,119,1,'Morning',1,'2016-09-01 00:00:00',10500,'','Term 1','Play Group',1297,'2016-05-25 12:06:24',NULL,NULL,NULL),(63,120,1,'Morning',1,'2016-09-01 00:00:00',10500,'','Term 1','Play Group',1297,'2016-05-25 12:13:16',NULL,NULL,NULL),(63,121,1,'Morning',1,'2016-09-01 00:00:00',10500,'','Term 1','Play Group',1297,'2016-05-25 12:18:29',NULL,NULL,NULL),(63,122,1,'Morning',1,'2016-09-01 00:00:00',10500,'','Term 1','Play Group',1297,'2016-05-25 12:23:45',NULL,NULL,NULL),(63,131,1,'Morning',1,'2016-09-01 00:00:00',10500,'','Term 1','Play Group',1297,'2016-05-25 12:57:07',NULL,NULL,NULL),(63,158,1,'Morning',1,'2016-09-01 00:00:00',10500,'','Term 1','Play Group',1297,'2016-05-28 13:23:49',NULL,NULL,NULL),(63,202,1,'Morning',1,'2016-09-01 00:00:00',10500,'','Term 1','Play Group',1297,'2016-06-03 15:36:52',NULL,NULL,NULL),(64,11,0,'Noon L1',1,'2016-09-01 00:00:00',11000,'','Term 1','Play Group',1297,'2016-05-19 19:16:16',NULL,NULL,NULL),(64,38,1,'Noon L1',1,'2016-09-01 00:00:00',10500,'','Term 1','Play Group',1297,'2016-05-22 03:51:25',NULL,NULL,NULL),(64,48,1,'Noon',1,'2016-09-01 00:00:00',10500,'','Term 1','Play Group',1297,'2016-05-22 05:16:00',NULL,NULL,NULL),(64,49,1,'Late Morning',1,'2016-09-01 00:00:00',10500,'','Term 1','Play Group',1297,'2016-05-22 05:16:33',NULL,NULL,NULL),(64,123,1,'Late Morning',1,'2016-09-01 00:00:00',10500,'','Term 1','Play Group',1297,'2016-05-25 12:27:36',NULL,NULL,NULL),(64,124,1,'Late Morning',1,'2016-09-01 00:00:00',10500,'','Term 1','Play Group',1297,'2016-05-25 12:31:39',NULL,NULL,NULL),(64,125,1,'Late Morning',1,'2016-09-01 00:00:00',10500,'','Term 1','Play Group',1297,'2016-05-25 12:33:01',NULL,NULL,NULL),(64,126,1,'Late Morning',1,'2016-09-01 00:00:00',10500,'','Term 1','Play Group',1297,'2016-05-25 12:33:34',NULL,NULL,NULL),(64,127,1,'Late Morning',1,'2016-09-01 00:00:00',10500,'','Term 1','Play Group',1297,'2016-05-25 12:34:29',NULL,NULL,NULL),(64,128,1,'Late Morning',1,'2016-09-01 00:00:00',10500,'','Term 1','Play Group',1297,'2016-05-25 12:35:13',NULL,NULL,NULL),(64,129,1,'Late Morning',1,'2016-09-01 00:00:00',10500,'','Term 1','Play Group',1297,'2016-05-25 12:36:54',NULL,NULL,NULL),(64,132,1,'Late Morning',1,'2016-09-01 00:00:00',10500,'','Term 1','Play Group',1297,'2016-05-25 13:04:06',NULL,NULL,NULL),(64,228,1,'Late Morning',1,'2016-09-01 00:00:00',10500,'','Term 1','Play Group',1297,'2016-06-04 12:46:32',NULL,NULL,NULL),(64,352,1,'Late Morning',1,'2016-09-01 00:00:00',10500,'','Term 1','Play Group',1297,'2016-06-11 08:54:15',NULL,NULL,NULL),(64,354,1,'Late Morning',1,'2016-09-01 00:00:00',10500,'','Term 1','Play Group',1297,'2016-06-11 08:57:07',NULL,NULL,NULL),(64,362,1,'Late Morning',1,'2016-09-01 00:00:00',10500,'','Term 1','Play Group',1297,'2016-06-14 13:56:56',NULL,NULL,NULL),(65,12,0,'Morning L1',1,'2016-09-01 00:00:00',13000,'','Term 1','Nursery',1297,'2016-05-19 19:16:52',NULL,NULL,NULL),(65,15,1,'Morning',1,'2016-09-01 00:00:00',13000,'','Term 1','Nursery',1300,'2016-05-19 19:18:52',NULL,NULL,NULL),(65,24,1,'Morning',1,'2016-09-01 00:00:00',13000,'','Term 1','Nursery',1300,'2016-05-21 11:05:57',NULL,NULL,NULL),(65,26,1,'Morning',1,'2016-09-01 00:00:00',13000,'','Term 1','Nursery',1300,'2016-05-21 11:08:55',NULL,NULL,NULL),(65,27,1,'Morning',1,'2016-09-01 00:00:00',13000,'','Term 1','Nursery',1300,'2016-05-21 11:09:33',NULL,NULL,NULL),(65,28,1,'Morning',1,'2016-09-01 00:00:00',13000,'','Term 1','Nursery',1300,'2016-05-21 11:10:06',NULL,NULL,NULL),(65,37,1,'Morning',1,'2016-09-01 00:00:00',12000,'','Term 1','Nursery',1300,'2016-05-22 03:49:38',NULL,NULL,NULL),(65,40,1,'Morning',1,'2016-09-01 00:00:00',12000,'','Term 1','Nursery',1300,'2016-05-22 03:53:02',NULL,NULL,NULL),(65,41,1,'Morning',1,'2016-09-01 00:00:00',12000,'','Term 1','Nursery',1300,'2016-05-22 03:53:47',NULL,NULL,NULL),(65,42,1,'Morning',1,'2016-09-01 00:00:00',12000,'','Term 1','Nursery',1300,'2016-05-22 03:54:16',NULL,NULL,NULL),(65,43,1,'Morning',1,'2016-09-01 00:00:00',12000,'','Term 1','Nursery',1300,'2016-05-22 04:10:09',NULL,NULL,NULL),(65,44,1,'Morning',1,'2016-09-01 00:00:00',12000,'','Term 1','Nursery',1300,'2016-05-22 04:10:51',NULL,NULL,NULL),(65,45,1,'Morning',1,'2016-09-01 00:00:00',12000,'','Term 1','Nursery',1300,'2016-05-22 04:11:39',NULL,NULL,NULL),(65,46,1,'Morning',1,'2016-09-01 00:00:00',12000,'','Term 1','Nursery',1300,'2016-05-22 04:12:42',NULL,NULL,NULL),(65,85,1,'Morning',1,'2016-09-01 00:00:00',12000,'','Term 1','Nursery',1300,'2016-05-24 14:25:21',NULL,NULL,NULL),(65,87,1,'Morning',1,'2016-09-01 00:00:00',12000,'','Term 1','Nursery',1300,'2016-05-24 14:26:30',NULL,NULL,NULL),(65,113,1,'Morning',1,'2016-09-01 00:00:00',12000,'','Term 1','Nursery',1300,'2016-05-25 11:39:12',NULL,NULL,NULL),(65,114,1,'Morning',1,'2016-09-01 00:00:00',12000,'','Term 1','Nursery',1300,'2016-05-25 11:41:33',NULL,NULL,NULL),(65,149,1,'Morning',1,'2016-09-01 00:00:00',12000,'','Term 1','Nursery',1300,'2016-05-26 14:58:57',NULL,NULL,NULL),(65,195,1,'Morning',1,'2016-09-01 00:00:00',12000,'','Term 1','Nursery',1300,'2016-05-31 15:10:25',NULL,NULL,NULL),(65,198,1,'Morning',1,'2016-09-01 00:00:00',12000,'','Term 1','Nursery',1300,'2016-06-03 11:28:48',NULL,NULL,NULL),(65,221,1,'Morning',1,'2016-09-01 00:00:00',12000,'','Term 1','Nursery',1300,'2016-06-04 10:50:43',NULL,NULL,NULL),(65,246,1,'Morning',1,'2016-09-01 00:00:00',12000,'','Term 1','Nursery',1300,'2016-06-06 13:24:19',NULL,NULL,NULL),(65,248,1,'Morning',1,'2016-09-01 00:00:00',12000,'','Term 1','Nursery',1300,'2016-06-06 13:32:30',NULL,NULL,NULL),(65,363,1,'Morning',1,'2016-09-01 00:00:00',12000,'','Term 1','Nursery',1300,'2016-06-14 14:09:10',NULL,NULL,NULL),(66,13,0,'Noon L1',1,'2016-09-01 00:00:00',13000,'','Term 1','Nursery',1297,'2016-05-19 19:17:28',NULL,NULL,NULL),(66,16,1,'Noon',1,'2016-09-01 00:00:00',13000,'','Term 1','Nursery',1300,'2016-05-19 19:19:26',NULL,NULL,NULL),(66,29,1,'Noon',1,'2016-09-01 00:00:00',13000,'','Term 1','Nursery',1300,'2016-05-21 11:10:43',NULL,NULL,NULL),(66,30,1,'Noon',1,'2016-09-01 00:00:00',13000,'','Term 1','Nursery',1300,'2016-05-21 11:11:41',NULL,NULL,NULL),(66,36,1,'Noon',1,'2016-09-30 00:00:00',12000,'','Term 1','Nursery',1300,'2016-05-22 03:49:19',NULL,NULL,NULL),(66,50,1,'Late Morning',1,'2016-09-30 00:00:00',12000,'','Term 1','Nursery',1300,'2016-05-22 05:16:50',NULL,NULL,NULL),(66,51,1,'Late Morning',1,'2016-09-30 00:00:00',12000,'','Term 1','Nursery',1300,'2016-05-22 05:19:05',NULL,NULL,NULL),(66,91,1,'Late Morning',1,'2016-09-01 00:00:00',12000,'','Term 1','Nursery',1300,'2016-05-24 14:42:14',NULL,NULL,NULL),(66,92,1,'Late Morning',1,'2016-09-01 00:00:00',12000,'','Term 1','Nursery',1300,'2016-05-24 14:42:52',NULL,NULL,NULL),(66,93,1,'Late Morning',1,'2016-09-01 00:00:00',12000,'','Term 1','Nursery',1300,'2016-05-24 14:43:31',NULL,NULL,NULL),(66,94,1,'Late Morning',1,'2016-09-01 00:00:00',12000,'','Term 1','Nursery',1300,'2016-05-24 14:44:14',NULL,NULL,NULL),(66,95,1,'Late Morning',1,'2016-09-01 00:00:00',12000,'','Term 1','Nursery',1300,'2016-05-24 14:44:47',NULL,NULL,NULL),(66,96,1,'Late Morning',1,'2016-09-01 00:00:00',12000,'','Term 1','Nursery',1300,'2016-05-24 14:45:25',NULL,NULL,NULL),(66,97,1,'Late Morning',1,'2016-09-01 00:00:00',12000,'','Term 1','Nursery',1300,'2016-05-24 14:46:13',NULL,NULL,NULL),(66,98,1,'Late Morning',1,'2016-09-01 00:00:00',12000,'','Term 1','Nursery',1300,'2016-05-24 14:47:05',NULL,NULL,NULL),(66,99,1,'Late Morning',1,'2016-09-01 00:00:00',12000,'','Term 1','Nursery',1300,'2016-05-24 14:47:31',NULL,NULL,NULL),(66,100,1,'Late Morning',1,'2016-09-01 00:00:00',12000,'','Term 1','Nursery',1300,'2016-05-24 14:58:51',NULL,NULL,NULL),(66,194,1,'Late Morning',1,'2016-09-01 00:00:00',12000,'','Term 1','Nursery',1300,'2016-05-31 15:05:58',NULL,NULL,NULL),(66,195,1,'Late Morning',1,'2016-09-01 00:00:00',12000,'','Term 1','Nursery',1300,'2016-05-31 15:10:25',NULL,NULL,NULL),(66,226,1,'Late Morning',1,'2016-09-01 00:00:00',12000,'','Term 1','Nursery',1300,'2016-06-04 12:13:02',NULL,NULL,NULL),(66,356,1,'Late Morning',1,'2016-09-01 00:00:00',12000,'','Term 1','Nursery',1300,'2016-06-11 08:59:40',NULL,NULL,NULL),(66,363,1,'Late Morning',1,'2016-09-01 00:00:00',12000,'','Term 1','Nursery',1300,'2016-06-14 14:09:10',NULL,NULL,NULL),(67,14,0,'Undecided',1,'2016-09-01 00:00:00',14000,'','Term 1','Jr. K.G.',1297,'2016-05-19 19:18:25',NULL,NULL,NULL),(67,19,1,'Undecided',1,'2016-09-01 00:00:00',14000,'','Term 1','Jr. K.G.',1297,'2016-05-21 05:40:11',NULL,NULL,NULL),(67,20,2,NULL,NULL,NULL,NULL,NULL,NULL,NULL,NULL,'2016-05-21 05:42:25',NULL,NULL,NULL),(67,21,1,'Undecided',1,'2016-09-01 00:00:00',14000,'','Term 1','Jr. K.G.',1297,'2016-05-21 06:08:56',NULL,NULL,NULL),(67,22,1,'Undecided',1,'2016-09-01 00:00:00',14000,'','Term 1','Jr. K.G.',1297,'2016-05-21 06:10:42',NULL,NULL,NULL),(67,101,1,'Undecided',1,'2016-09-01 00:00:00',14000,'','Term 1','Jr. K.G.',1297,'2016-05-24 15:39:31',NULL,NULL,NULL),(67,102,1,'Undecided',1,'2016-09-01 00:00:00',14000,'','Term 1','Jr. K.G.',1297,'2016-05-24 15:39:49',NULL,NULL,NULL),(67,103,1,'Undecided',1,'2016-09-01 00:00:00',14000,'','Term 1','Jr. K.G.',1297,'2016-05-24 15:41:19',NULL,NULL,NULL),(67,104,1,'Undecided',1,'2016-09-01 00:00:00',14000,'','Term 1','Jr. K.G.',1297,'2016-05-24 15:41:27',NULL,NULL,NULL),(67,135,1,'Undecided',1,'2016-09-01 00:00:00',14000,'','Term 1','Jr. K.G.',1297,'2016-05-25 18:28:14',NULL,NULL,NULL),(67,138,1,'Undecided',1,'2016-09-01 00:00:00',14000,'','Term 1','Jr. K.G.',1297,'2016-05-25 18:34:51',NULL,NULL,NULL),(67,152,1,'Undecided',1,'2016-09-01 00:00:00',14000,'','Term 1','Jr. K.G.',1297,'2016-05-26 16:43:03',NULL,NULL,NULL),(67,153,1,'Undecided',1,'2016-09-01 00:00:00',14000,'','Term 1','Jr. K.G.',1297,'2016-05-26 16:44:17',NULL,NULL,NULL),(67,190,1,'Undecided',1,'2016-09-01 00:00:00',14000,'','Term 1','Jr. K.G.',1297,'2016-05-31 14:50:55',NULL,NULL,NULL),(67,191,1,'Undecided',1,'2016-09-01 00:00:00',14000,'','Term 1','Jr. K.G.',1297,'2016-05-31 14:54:33',NULL,NULL,NULL),(72,107,1,'Morning',1,'2016-09-01 00:00:00',10500,NULL,'Term 2','Play Group',1297,'2016-05-25 09:18:00',NULL,NULL,NULL),(72,111,1,'Morning',1,'2016-09-01 00:00:00',10500,NULL,'Term 2','Play Group',1297,'2016-05-25 11:34:30',NULL,NULL,NULL),(72,114,1,'Morning',1,'2016-09-01 00:00:00',10500,NULL,'Term 2','Play Group',1297,'2016-05-25 11:41:33',NULL,NULL,NULL),(72,115,1,'Morning',1,'2016-09-01 00:00:00',10500,NULL,'Term 2','Play Group',1297,'2016-05-25 11:43:56',NULL,NULL,NULL),(72,117,1,'Morning',1,'2016-09-01 00:00:00',10500,NULL,'Term 2','Play Group',1297,'2016-05-25 11:52:56',NULL,NULL,NULL),(72,118,1,'Morning',1,'2016-09-01 00:00:00',10500,NULL,'Term 2','Play Group',1297,'2016-05-25 12:01:51',NULL,NULL,NULL),(72,119,1,'Morning',1,'2016-09-01 00:00:00',10500,NULL,'Term 2','Play Group',1297,'2016-05-25 12:06:24',NULL,NULL,NULL),(72,120,1,'Morning',1,'2016-09-01 00:00:00',10500,NULL,'Term 2','Play Group',1297,'2016-05-25 12:13:16',NULL,NULL,NULL),(72,121,1,'Morning',1,'2016-09-01 00:00:00',10500,NULL,'Term 2','Play Group',1297,'2016-05-25 12:18:29',NULL,NULL,NULL),(72,122,1,'Morning',1,'2016-09-01 00:00:00',10500,NULL,'Term 2','Play Group',1297,'2016-05-25 12:23:45',NULL,NULL,NULL),(72,131,1,'Morning',1,'2016-09-01 00:00:00',10500,NULL,'Term 2','Play Group',1297,'2016-05-25 12:57:07',NULL,NULL,NULL),(72,158,1,'Morning',1,'2016-09-01 00:00:00',10500,NULL,'Term 2','Play Group',1297,'2016-05-28 13:23:49',NULL,NULL,NULL),(72,202,1,'Morning',1,'2016-09-01 00:00:00',10500,NULL,'Term 2','Play Group',1297,'2016-06-03 15:36:52',NULL,NULL,NULL),(73,123,1,'Late Morning',1,'2016-09-01 00:00:00',10500,NULL,'Term 2','Play Group',1297,'2016-05-25 12:27:36',NULL,NULL,NULL),(73,124,1,'Late Morning',1,'2016-09-01 00:00:00',10500,NULL,'Term 2','Play Group',1297,'2016-05-25 12:31:39',NULL,NULL,NULL),(73,125,1,'Late Morning',1,'2016-09-01 00:00:00',10500,NULL,'Term 2','Play Group',1297,'2016-05-25 12:33:01',NULL,NULL,NULL),(73,126,1,'Late Morning',1,'2016-09-01 00:00:00',10500,NULL,'Term 2','Play Group',1297,'2016-05-25 12:33:34',NULL,NULL,NULL),(73,127,1,'Late Morning',1,'2016-09-01 00:00:00',10500,NULL,'Term 2','Play Group',1297,'2016-05-25 12:34:29',NULL,NULL,NULL),(73,128,1,'Late Morning',1,'2016-09-01 00:00:00',10500,NULL,'Term 2','Play Group',1297,'2016-05-25 12:35:13',NULL,NULL,NULL),(73,130,1,'Late Morning',1,'2016-09-01 00:00:00',10500,NULL,'Term 2','Play Group',1297,'2016-05-25 12:37:42',NULL,NULL,NULL),(73,132,1,'Late Morning',1,'2016-09-01 00:00:00',10500,NULL,'Term 2','Play Group',1297,'2016-05-25 13:04:06',NULL,NULL,NULL),(73,228,1,'Late Morning',1,'2016-09-01 00:00:00',10500,NULL,'Term 2','Play Group',1297,'2016-06-04 12:46:32',NULL,NULL,NULL),(73,352,1,'Late Morning',1,'2016-09-01 00:00:00',10500,NULL,'Term 2','Play Group',1297,'2016-06-11 08:54:15',NULL,NULL,NULL),(73,354,1,'Late Morning',1,'2016-09-01 00:00:00',10500,NULL,'Term 2','Play Group',1297,'2016-06-11 08:57:07',NULL,NULL,NULL),(73,362,1,'Late Morning',1,'2016-09-01 00:00:00',10500,NULL,'Term 2','Play Group',1297,'2016-06-14 13:56:56',NULL,NULL,NULL),(74,85,1,'Morning',1,'2016-09-01 00:00:00',12000,NULL,'Term 2','Nursery',1300,'2016-05-24 14:25:21',NULL,NULL,NULL),(74,87,1,'Morning',1,'2016-09-01 00:00:00',12000,NULL,'Term 2','Nursery',1300,'2016-05-24 14:26:30',NULL,NULL,NULL),(74,112,1,'Morning',1,'2016-09-01 00:00:00',12000,NULL,'Term 2','Nursery',1300,'2016-05-25 11:36:39',NULL,NULL,NULL),(74,113,1,'Morning',1,'2016-09-01 00:00:00',12000,NULL,'Term 2','Nursery',1300,'2016-05-25 11:39:12',NULL,NULL,NULL),(74,114,1,'Morning',1,'2016-09-01 00:00:00',12000,NULL,'Term 2','Nursery',1300,'2016-05-25 11:41:33',NULL,NULL,NULL),(74,116,1,'Morning',1,'2016-09-01 00:00:00',12000,NULL,'Term 2','Nursery',1300,'2016-05-25 11:47:59',NULL,NULL,NULL),(74,149,1,'Morning',1,'2016-09-01 00:00:00',12000,NULL,'Term 2','Nursery',1300,'2016-05-26 14:58:57',NULL,NULL,NULL),(74,195,1,'Morning',1,'2016-09-01 00:00:00',12000,NULL,'Term 2','Nursery',1300,'2016-05-31 15:10:25',NULL,NULL,NULL),(74,200,1,'Morning',1,'2016-09-01 00:00:00',12000,NULL,'Term 2','Nursery',1300,'2016-06-03 11:34:05',NULL,NULL,NULL),(74,221,1,'Morning',1,'2016-09-01 00:00:00',12000,NULL,'Term 2','Nursery',1300,'2016-06-04 10:50:43',NULL,NULL,NULL),(74,246,1,'Morning',1,'2016-09-01 00:00:00',12000,NULL,'Term 2','Nursery',1300,'2016-06-06 13:24:19',NULL,NULL,NULL),(74,248,1,'Morning',1,'2016-09-01 00:00:00',12000,NULL,'Term 2','Nursery',1300,'2016-06-06 13:32:30',NULL,NULL,NULL),(74,363,1,'Morning',1,'2016-09-01 00:00:00',12000,NULL,'Term 2','Nursery',1300,'2016-06-14 14:09:10',NULL,NULL,NULL),(75,91,1,'Late Morning',1,'2016-09-01 00:00:00',12000,NULL,'Term 2','Nursery',1300,'2016-05-24 14:42:14',NULL,NULL,NULL),(75,92,1,'Late Morning',1,'2016-09-01 00:00:00',12000,NULL,'Term 2','Nursery',1300,'2016-05-24 14:42:52',NULL,NULL,NULL),(75,93,1,'Late Morning',1,'2016-09-01 00:00:00',12000,NULL,'Term 2','Nursery',1300,'2016-05-24 14:43:31',NULL,NULL,NULL),(75,94,1,'Late Morning',1,'2016-09-01 00:00:00',12000,NULL,'Term 2','Nursery',1300,'2016-05-24 14:44:14',NULL,NULL,NULL),(75,95,1,'Late Morning',1,'2016-09-01 00:00:00',12000,NULL,'Term 2','Nursery',1300,'2016-05-24 14:44:47',NULL,NULL,NULL),(75,96,1,'Late Morning',1,'2016-09-01 00:00:00',12000,NULL,'Term 2','Nursery',1300,'2016-05-24 14:45:25',NULL,NULL,NULL),(75,97,1,'Late Morning',1,'2016-09-01 00:00:00',12000,NULL,'Term 2','Nursery',1300,'2016-05-24 14:46:13',NULL,NULL,NULL),(75,98,1,'Late Morning',1,'2016-09-01 00:00:00',12000,NULL,'Term 2','Nursery',1300,'2016-05-24 14:47:05',NULL,NULL,NULL),(75,99,1,'Late Morning',1,'2016-09-01 00:00:00',12000,NULL,'Term 2','Nursery',1300,'2016-05-24 14:47:31',NULL,NULL,NULL),(75,100,1,'Late Morning',1,'2016-09-01 00:00:00',12000,NULL,'Term 2','Nursery',1300,'2016-05-24 14:58:51',NULL,NULL,NULL),(75,194,1,'Late Morning',1,'2016-09-01 00:00:00',12000,NULL,'Term 2','Nursery',1300,'2016-05-31 15:05:58',NULL,NULL,NULL),(75,195,1,'Late Morning',1,'2016-09-01 00:00:00',12000,NULL,'Term 2','Nursery',1300,'2016-05-31 15:10:25',NULL,NULL,NULL),(75,226,1,'Late Morning',1,'2016-09-01 00:00:00',12000,NULL,'Term 2','Nursery',1300,'2016-06-04 12:13:02',NULL,NULL,NULL),(75,356,1,'Late Morning',1,'2016-09-01 00:00:00',12000,NULL,'Term 2','Nursery',1300,'2016-06-11 08:59:40',NULL,NULL,NULL),(75,363,1,'Late Morning',1,'2016-09-01 00:00:00',12000,NULL,'Term 2','Nursery',1300,'2016-06-14 14:09:10',NULL,NULL,NULL),(76,101,1,'Undecided',1,'2016-09-01 00:00:00',14000,NULL,'Term 2','Jr. K.G.',1297,'2016-05-24 15:39:31',NULL,NULL,NULL),(76,102,1,'Undecided',1,'2016-09-01 00:00:00',14000,NULL,'Term 2','Jr. K.G.',1297,'2016-05-24 15:39:49',NULL,NULL,NULL),(76,103,1,'Undecided',1,'2016-09-01 00:00:00',14000,NULL,'Term 2','Jr. K.G.',1297,'2016-05-24 15:41:19',NULL,NULL,NULL),(76,104,1,'Undecided',1,'2016-09-01 00:00:00',14000,NULL,'Term 2','Jr. K.G.',1297,'2016-05-24 15:41:27',NULL,NULL,NULL),(76,190,1,'Undecided',1,'2016-09-01 00:00:00',14000,NULL,'Term 2','Jr. K.G.',1297,'2016-05-31 14:50:55',NULL,NULL,NULL),(76,191,1,'Undecided',1,'2016-09-01 00:00:00',14000,NULL,'Term 2','Jr. K.G.',1297,'2016-05-31 14:54:33',NULL,NULL,NULL),(77,231,0,'FQP',1,'2016-06-30 00:00:00',7800,'','June','DC',1297,'2016-06-04 16:59:08',NULL,NULL,NULL),(77,232,1,'FQP',1,'2016-06-30 00:00:00',7800,'','June','DC',1297,'2016-06-04 17:00:15',NULL,NULL,NULL),(77,240,1,'FQP',1,'2016-06-30 00:00:00',7800,'','June','DC',1297,'2016-06-04 19:16:52',NULL,NULL,NULL),(77,243,1,'FQP',1,'2016-06-30 00:00:00',7800,'','June','DC',1297,'2016-06-04 19:30:41',NULL,NULL,NULL),(78,234,0,'DC',1,'2016-06-30 00:00:00',13900,'','June','FFD',1297,'2016-06-04 17:11:39',NULL,NULL,NULL),(78,235,1,'DC',1,'2016-06-30 00:00:00',13900,'','June','FFD',1297,'2016-06-04 17:13:48',NULL,NULL,NULL),(78,236,1,'FFD',1,'2016-06-30 00:00:00',13900,'','June','DC',1297,'2016-06-04 17:15:19',NULL,NULL,NULL),(78,238,1,'FFD',1,'2016-06-30 00:00:00',13900,'','June','DC',1297,'2016-06-04 19:07:54',NULL,NULL,NULL),(78,239,1,'FFD',1,'2016-06-30 00:00:00',13900,'','June','DC',1297,'2016-06-04 19:11:29',NULL,NULL,NULL),(78,241,1,'FFD',1,'2016-06-30 00:00:00',13900,'','June','DC',1297,'2016-06-04 19:22:04',NULL,NULL,NULL),(78,242,1,'FFD',1,'2016-06-30 00:00:00',13900,'','June','DC',1297,'2016-06-04 19:26:15',NULL,NULL,NULL),(78,243,1,'FFD',1,'2016-06-30 00:00:00',13900,'','June','DC',1297,'2016-06-04 19:30:41',NULL,NULL,NULL),(78,283,1,'FFD',1,'2016-06-30 00:00:00',13900,'','June','DC',1297,'2016-06-07 09:24:33',NULL,NULL,NULL),(78,301,1,'FFD',1,'2016-06-30 00:00:00',13900,'','June','DC',1297,'2016-06-08 07:05:31',NULL,NULL,NULL),(78,303,1,'FFD',1,'2016-06-30 00:00:00',13900,'','June','DC',1297,'2016-06-08 07:25:03',NULL,NULL,NULL),(78,305,1,'FFD',1,'2016-06-30 00:00:00',13900,'','June','DC',1297,'2016-06-08 10:48:09',NULL,NULL,NULL),(78,323,1,'FFD',1,'2016-06-30 00:00:00',13900,'','June','DC',1297,'2016-06-08 19:19:16',NULL,NULL,NULL),(78,325,1,'FFD',1,'2016-06-30 00:00:00',13900,'','June','DC',1297,'2016-06-09 07:17:38',NULL,NULL,NULL),(78,326,1,'FFD',1,'2016-06-30 00:00:00',13900,'','June','DC',1297,'2016-06-09 07:24:49',NULL,NULL,NULL),(79,237,0,'DC',1,'2016-06-30 00:00:00',15500,'','June','FFD',1297,'2016-06-04 19:06:02',NULL,NULL,NULL),(79,265,2,NULL,NULL,NULL,NULL,NULL,NULL,NULL,NULL,'2016-06-07 07:06:57',NULL,NULL,NULL),(83,252,0,'FHP	',1,NULL,12500,'','June	','DC',1297,'2016-06-07 04:57:48',NULL,NULL,NULL),(83,260,1,'FFD',1,NULL,12500,'','June	','DC',1297,'2016-06-07 06:42:17',NULL,NULL,NULL),(83,262,2,NULL,NULL,NULL,NULL,NULL,NULL,NULL,NULL,'2016-06-07 07:00:44',NULL,NULL,NULL),(84,253,0,'FHP',1,NULL,12500,'','June','DC',1297,'2016-06-07 05:05:53',NULL,NULL,NULL),(84,266,2,NULL,NULL,NULL,NULL,NULL,NULL,NULL,NULL,'2016-06-07 07:07:26',NULL,NULL,NULL),(85,254,0,'FHD',1,'2016-06-30 00:00:00',12500,'Mon- Sat','June','DC',1297,'2016-06-07 05:10:13',NULL,NULL,NULL),(85,255,1,'FHD',1,'2016-06-30 00:00:00',12500,'Mon- Sat','June','DC',1297,'2016-06-07 05:11:02',NULL,NULL,NULL),(85,259,1,'FHD',1,'2016-06-30 00:00:00',12500,'Mon- Sat','June','DC',1297,'2016-06-07 06:40:07',NULL,NULL,NULL),(85,261,1,'FHD',1,'2016-06-30 00:00:00',12500,'Mon- Sat','June','DC',1297,'2016-06-07 06:57:23',NULL,NULL,NULL),(85,278,1,'FHD',1,'2016-06-30 00:00:00',12500,'Mon- Sat','June','DC',1297,'2016-06-07 08:12:54',NULL,NULL,NULL),(85,349,1,'FHD',1,'2016-06-30 00:00:00',12500,'Mon- Sat','June','DC',1297,'2016-06-10 11:22:39',NULL,NULL,NULL),(86,268,0,'IC',1,NULL,14900,'','June','IC',1297,'2016-06-07 07:18:44',NULL,NULL,NULL),(86,269,1,'FFD',1,NULL,14900,'','June','IC',1297,'2016-06-07 07:24:30',NULL,NULL,NULL),(86,275,1,'FFD',1,'2016-06-30 00:00:00',14900,'','June','IC',1297,'2016-06-07 07:41:02',NULL,NULL,NULL),(86,285,1,'FFD',1,'2016-06-30 00:00:00',14900,'','June','IC',1297,'2016-06-07 19:58:22',NULL,NULL,NULL),(86,286,1,'FFD',1,'2016-06-30 00:00:00',14900,'','June','IC',1297,'2016-06-07 20:38:01',NULL,NULL,NULL),(86,294,1,'FFD',1,'2016-06-30 00:00:00',14900,'','June','IC',1297,'2016-06-07 21:01:06',NULL,NULL,NULL),(86,295,1,'FFD',1,'2016-06-30 00:00:00',14900,'','June','IC',1297,'2016-06-07 21:02:54',NULL,NULL,NULL),(86,307,1,'FFD',1,'2016-06-30 00:00:00',14900,'','June','IC',1297,'2016-06-08 17:18:15',NULL,NULL,NULL),(86,309,1,'FFD',1,'2016-06-30 00:00:00',14900,'','June','IC',1297,'2016-06-08 17:46:29',NULL,NULL,NULL),(86,311,1,'FFD',1,'2016-06-30 00:00:00',14900,'','June','IC',1297,'2016-06-08 18:04:59',NULL,NULL,NULL),(86,314,1,'FFD',1,'2016-06-30 00:00:00',14900,'','June','IC',1297,'2016-06-08 18:27:57',NULL,NULL,NULL),(86,317,1,'FFD',1,'2016-06-30 00:00:00',14900,'','June','IC',1297,'2016-06-08 18:45:23',NULL,NULL,NULL),(86,319,1,'FFD',1,'2016-06-30 00:00:00',14900,'','June','IC',1297,'2016-06-08 18:55:08',NULL,NULL,NULL),(86,321,1,'FFD',1,'2016-06-30 00:00:00',14900,'','June','IC',1297,'2016-06-08 19:11:21',NULL,NULL,NULL),(87,270,0,'FHD',1,NULL,13500,'','IC','IC',1297,'2016-06-07 07:28:30',NULL,NULL,NULL),(87,271,1,'FHD',1,NULL,13500,'','June','IC',1297,'2016-06-07 07:30:33',NULL,NULL,NULL),(87,274,1,'FHD',1,'2016-06-30 00:00:00',13500,'','June','IC',1297,'2016-06-07 07:40:20',NULL,NULL,NULL),(88,272,0,'FQP',1,'2016-06-23 00:00:00',8800,'','FQP','IC',1297,'2016-06-07 07:38:50',NULL,NULL,NULL),(88,273,1,'FQP',1,'2016-06-23 00:00:00',8800,'','June','IC',1297,'2016-06-07 07:39:43',NULL,NULL,NULL),(88,276,1,'FQP',1,'2016-06-30 00:00:00',8800,'','June','IC',1297,'2016-06-07 07:41:45',NULL,NULL,NULL),(89,280,0,'MHD',1,'2016-06-30 00:00:00',8800,'Mon-Fri','June','DC',1297,'2016-06-07 08:39:26',NULL,NULL,NULL),(89,281,1,'MHD',1,'2016-06-30 00:00:00',8800,'Mon-Fri','June','DC',1297,'2016-06-07 08:40:42',NULL,NULL,NULL),(93,287,0,'Undecided',1,'2016-06-20 00:00:00',66666,'yyy','ryyt','gggg',1297,'2016-06-07 20:42:04',NULL,NULL,NULL),(93,289,1,'Undecided',1,'2016-06-20 00:00:00',66666,'yyy','ryyt','gggg',1297,'2016-06-07 20:43:16',NULL,NULL,NULL),(93,290,1,'Undecided',1,'2016-06-20 00:00:00',66666,'yyy','ryyt','gggg',1297,'2016-06-07 20:45:16',NULL,NULL,NULL),(93,291,2,NULL,NULL,NULL,NULL,NULL,NULL,NULL,NULL,'2016-06-07 20:45:33',NULL,NULL,NULL),(96,292,0,'Undecided',1,NULL,666,'','5ttt','ic',1297,'2016-06-07 20:54:57',NULL,NULL,NULL),(96,293,2,NULL,NULL,NULL,NULL,NULL,NULL,NULL,NULL,'2016-06-07 21:00:04',NULL,NULL,NULL);
/*!40000 ALTER TABLE `program_aud` ENABLE KEYS */;
UNLOCK TABLES;

--
-- Table structure for table `revinfo`
--

DROP TABLE IF EXISTS `revinfo`;
/*!40101 SET @saved_cs_client     = @@character_set_client */;
/*!40101 SET character_set_client = utf8 */;
CREATE TABLE `revinfo` (
  `rev` int(11) NOT NULL AUTO_INCREMENT,
  `revtstmp` bigint(20) DEFAULT NULL,
  PRIMARY KEY (`rev`)
) ENGINE=InnoDB AUTO_INCREMENT=365 DEFAULT CHARSET=utf8;
/*!40101 SET character_set_client = @saved_cs_client */;

--
-- Dumping data for table `revinfo`
--

LOCK TABLES `revinfo` WRITE;
/*!40000 ALTER TABLE `revinfo` DISABLE KEYS */;
INSERT INTO `revinfo` VALUES (1,1463469124457),(2,1463469261906),(3,1463470629030),(4,1463473438123),(5,1463473505710),(6,1463473535427),(7,1463473602693),(8,1463502130288),(9,1463502668367),(10,1463685325204),(11,1463685376435),(12,1463685412910),(13,1463685448131),(14,1463685505081),(15,1463685532400),(16,1463685566460),(17,1463741311617),(18,1463807696927),(19,1463809211460),(20,1463809343746),(21,1463810936126),(22,1463811042638),(23,1463811080861),(24,1463828757321),(25,1463828868074),(26,1463828935029),(27,1463828972970),(28,1463829006241),(29,1463829043237),(30,1463829101317),(31,1463829147193),(32,1463829185292),(33,1463858674517),(34,1463858732381),(35,1463859698630),(36,1463888959033),(37,1463888977985),(38,1463889085108),(39,1463889107125),(40,1463889182166),(41,1463889227616),(42,1463889256424),(43,1463890209429),(44,1463890251195),(45,1463890299151),(46,1463890362157),(47,1463894142687),(48,1463894160767),(49,1463894193797),(50,1463894210765),(51,1463894345344),(52,1463894550494),(53,1463894620881),(54,1463894723933),(55,1463894761970),(56,1463894840639),(57,1463896281126),(58,1463896288351),(59,1463898724540),(60,1463999104333),(61,1464002901025),(62,1464068504277),(63,1464071065755),(64,1464071663188),(65,1464072351980),(66,1464088771908),(67,1464089087960),(68,1464092275384),(69,1464092420138),(70,1464098302979),(71,1464098441482),(72,1464098472645),(73,1464098588527),(74,1464098619896),(75,1464098649965),(76,1464098730534),(77,1464098767471),(78,1464098814280),(79,1464099000439),(80,1464099302437),(81,1464099341223),(82,1464099360662),(83,1464099415699),(84,1464099421024),(85,1464099921796),(86,1464099938834),(87,1464099990523),(88,1464100397032),(89,1464100457289),(90,1464100473606),(91,1464100934127),(92,1464100972004),(93,1464101011179),(94,1464101054047),(95,1464101087789),(96,1464101125008),(97,1464101173966),(98,1464101225777),(99,1464101251045),(100,1464101931907),(101,1464104371008),(102,1464104389305),(103,1464104479079),(104,1464104487301),(105,1464104819969),(106,1464105153162),(107,1464167880508),(108,1464167994510),(109,1464168034905),(110,1464168060837),(111,1464176069812),(112,1464176199605),(113,1464176352200),(114,1464176493012),(115,1464176636111),(116,1464176879809),(117,1464177176887),(118,1464177711762),(119,1464177984152),(120,1464178395854),(121,1464178709724),(122,1464179025742),(123,1464179256529),(124,1464179498822),(125,1464179581092),(126,1464179614604),(127,1464179669229),(128,1464179712830),(129,1464179814179),(130,1464179862163),(131,1464181027624),(132,1464181445979),(133,1464200785020),(134,1464200875304),(135,1464200894538),(136,1464201242493),(137,1464201271434),(138,1464201291547),(139,1464201372185),(140,1464239965062),(141,1464245273598),(142,1464272666754),(143,1464272712585),(144,1464273534040),(145,1464273588055),(146,1464274193245),(147,1464274623146),(148,1464274682858),(149,1464274737003),(150,1464280843733),(151,1464280917041),(152,1464280982875),(153,1464281057201),(154,1464281102984),(155,1464281418036),(156,1464441620048),(157,1464441784787),(158,1464441828976),(159,1464581468564),(160,1464582609873),(161,1464582649791),(162,1464598521647),(163,1464598551593),(164,1464598620541),(165,1464598649985),(166,1464598671234),(167,1464598693007),(168,1464598714917),(169,1464598737952),(170,1464598771125),(171,1464598794223),(172,1464598827667),(173,1464598844353),(174,1464598901452),(175,1464598931330),(176,1464599084045),(177,1464599117631),(178,1464599145023),(179,1464599173768),(180,1464599187635),(181,1464671806790),(182,1464672925991),(183,1464674097759),(184,1464674484341),(185,1464678559521),(186,1464681626250),(187,1464703612609),(188,1464704553723),(189,1464706070224),(190,1464706255209),(191,1464706473456),(192,1464707059531),(193,1464707121672),(194,1464707158908),(195,1464707425191),(196,1464943956624),(197,1464951682093),(198,1464953328454),(199,1464953498981),(200,1464953645651),(201,1464968160187),(202,1464968212958),(203,1465015983838),(204,1465017262751),(205,1465018307169),(206,1465021710015),(207,1465021748292),(208,1465022109201),(209,1465022376866),(210,1465022682287),(211,1465023220176),(212,1465023698381),(213,1465024554960),(214,1465028003521),(215,1465028351954),(216,1465028551168),(217,1465030400983),(218,1465033614103),(219,1465034484008),(220,1465037183502),(221,1465037443583),(222,1465037475600),(223,1465040516794),(224,1465040526179),(225,1465042202329),(226,1465042382680),(227,1465044368500),(228,1465044392017),(229,1465059205218),(230,1465059313637),(231,1465059548763),(232,1465059614853),(233,1465060188187),(234,1465060299353),(235,1465060428371),(236,1465060519951),(237,1465067162176),(238,1465067274721),(239,1465067488987),(240,1465067812264),(241,1465068124298),(242,1465068375658),(243,1465068641851),(244,1465217614414),(245,1465219363203),(246,1465219459802),(247,1465219878624),(248,1465219950313),(249,1465220136693),(250,1465220156487),(251,1465275272230),(252,1465275468744),(253,1465275953697),(254,1465276213816),(255,1465276262267),(256,1465276782587),(257,1465280865399),(258,1465280923992),(259,1465281607354),(260,1465281737865),(261,1465282643864),(262,1465282844674),(263,1465282992206),(264,1465283053793),(265,1465283217147),(266,1465283246024),(267,1465283619767),(268,1465283924361),(269,1465284270758),(270,1465284510265),(271,1465284633119),(272,1465285130214),(273,1465285183812),(274,1465285220673),(275,1465285262634),(276,1465285305422),(277,1465286313132),(278,1465287174244),(279,1465288126318),(280,1465288766557),(281,1465288842070),(282,1465290459330),(283,1465291473029),(284,1465294144357),(285,1465329502264),(286,1465331881181),(287,1465332124063),(288,1465332151575),(289,1465332195952),(290,1465332316463),(291,1465332333888),(292,1465332897342),(293,1465333204561),(294,1465333266422),(295,1465333374223),(296,1465333553256),(297,1465333834708),(298,1465333950959),(299,1465333979825),(300,1465368101510),(301,1465369531336),(302,1465370666616),(303,1465370703322),(304,1465382823275),(305,1465382889381),(306,1465406225398),(307,1465406295226),(308,1465407291247),(309,1465407989621),(310,1465408980621),(311,1465409099842),(312,1465410230272),(313,1465410299813),(314,1465410477843),(315,1465410481182),(316,1465411427135),(317,1465411523869),(318,1465412022418),(319,1465412107978),(320,1465412853907),(321,1465413081269),(322,1465413473890),(323,1465413556009),(324,1465456373272),(325,1465456657872),(326,1465457089673),(327,1465457245675),(328,1465457645236),(329,1465457692065),(330,1465541897124),(331,1465543415261),(332,1465543492881),(333,1465543839178),(334,1465544402004),(335,1465545862036),(336,1465546271239),(337,1465548574947),(338,1465548676529),(339,1465548702053),(340,1465548743397),(341,1465553176960),(342,1465553458744),(343,1465555279278),(344,1465555511646),(345,1465555563197),(346,1465555613621),(347,1465555676887),(348,1465557685873),(349,1465557759075),(350,1465562182840),(351,1465635212767),(352,1465635255429),(353,1465635406888),(354,1465635426987),(355,1465635550104),(356,1465635580463),(357,1465636009049),(358,1465636193950),(359,1465813092896),(360,1465829253744),(361,1465912580527),(362,1465912616014),(363,1465913350866),(364,1465915551133);
/*!40000 ALTER TABLE `revinfo` ENABLE KEYS */;
UNLOCK TABLES;

--
-- Table structure for table `staff`
--

DROP TABLE IF EXISTS `staff`;
/*!40101 SET @saved_cs_client     = @@character_set_client */;
/*!40101 SET character_set_client = utf8 */;
CREATE TABLE `staff` (
  `id` bigint(20) NOT NULL AUTO_INCREMENT,
  `address` varchar(200) DEFAULT NULL,
  `center` int(11) DEFAULT NULL,
  `department` int(11) DEFAULT NULL,
  `dob` datetime DEFAULT NULL,
  `email_one` varchar(30) DEFAULT NULL,
  `enabled` bit(1) NOT NULL,
  `first_name` varchar(20) NOT NULL,
  `gender` int(11) DEFAULT NULL,
  `last_name` varchar(20) NOT NULL,
  `middle_name` varchar(20) DEFAULT NULL,
  `notes` varchar(400) DEFAULT NULL,
  `password` varchar(255) DEFAULT NULL,
  `phone` varchar(20) DEFAULT NULL,
  `phone_home` varchar(20) DEFAULT NULL,
  `pincode` varchar(6) DEFAULT NULL,
  `version` int(11) DEFAULT NULL,
  `creation_ts` timestamp NOT NULL DEFAULT CURRENT_TIMESTAMP,
  `update_ts` timestamp NOT NULL DEFAULT CURRENT_TIMESTAMP ON UPDATE CURRENT_TIMESTAMP,
  PRIMARY KEY (`id`),
  UNIQUE KEY `UK_sw6tms3ff92f3fu31h7l613d8` (`first_name`,`middle_name`,`last_name`)
) ENGINE=InnoDB AUTO_INCREMENT=1320 DEFAULT CHARSET=utf8;
/*!40101 SET character_set_client = @saved_cs_client */;

--
-- Dumping data for table `staff`
--

LOCK TABLES `staff` WRITE;
/*!40000 ALTER TABLE `staff` DISABLE KEYS */;
INSERT INTO `staff` VALUES (1297,'',0,0,NULL,'','\0','N.',0,'A.','','','d41d8cd98f00b204e9800998ecf8427e','','','',0,'2016-05-17 16:11:00','2016-05-17 16:37:31'),(1300,'',1,0,NULL,'','\0','N',1,'A','','','d41d8cd98f00b204e9800998ecf8427e','','','',0,'2016-05-17 16:11:00','2016-05-21 05:36:45'),(1314,'',1,0,NULL,'','\0','Jolly',1,'NA','','','d41d8cd98f00b204e9800998ecf8427e','','','',0,'2016-05-17 16:11:00','2016-05-17 16:37:31'),(1315,'',1,0,NULL,'','\0','Sandhya',1,'NA','','','d41d8cd98f00b204e9800998ecf8427e','','','',0,'2016-05-17 16:11:00','2016-05-17 16:37:31'),(1316,'',1,0,NULL,'','\0','Sheela',1,'NA','','','d41d8cd98f00b204e9800998ecf8427e','','','',0,'2016-05-17 16:11:00','2016-05-17 16:37:31'),(1317,'',1,0,NULL,'','\0','Khushboo',1,'NA','','','d41d8cd98f00b204e9800998ecf8427e','','','',0,'2016-05-17 16:11:00','2016-05-17 16:37:31'),(1318,'',1,0,NULL,'','\0','Riddhi',1,'NA','','','d41d8cd98f00b204e9800998ecf8427e','','','',1,'2016-05-17 16:11:00','2016-05-17 16:37:31'),(1319,'2/4,Anjana Estate,village road,Bhandup west',1,2,'1972-03-03 00:00:00','rajol1972@gmail.com','','Rajinder Kaur',1,'Pabla','Harvinder Singh','','d41d8cd98f00b204e9800998ecf8427e','9833546481','','400078',1,'2016-06-06 13:35:36','2016-06-06 13:35:56');
/*!40000 ALTER TABLE `staff` ENABLE KEYS */;
UNLOCK TABLES;

--
-- Table structure for table `staff_aud`
--

DROP TABLE IF EXISTS `staff_aud`;
/*!40101 SET @saved_cs_client     = @@character_set_client */;
/*!40101 SET character_set_client = utf8 */;
CREATE TABLE `staff_aud` (
  `id` bigint(20) NOT NULL,
  `rev` int(11) NOT NULL,
  `revtype` tinyint(4) DEFAULT NULL,
  `address` varchar(200) DEFAULT NULL,
  `center` int(11) DEFAULT NULL,
  `department` int(11) DEFAULT NULL,
  `dob` datetime DEFAULT NULL,
  `email_one` varchar(30) DEFAULT NULL,
  `enabled` bit(1) DEFAULT NULL,
  `first_name` varchar(20) DEFAULT NULL,
  `gender` int(11) DEFAULT NULL,
  `last_name` varchar(20) DEFAULT NULL,
  `middle_name` varchar(20) DEFAULT NULL,
  `notes` varchar(400) DEFAULT NULL,
  `password` varchar(255) DEFAULT NULL,
  `phone` varchar(20) DEFAULT NULL,
  `phone_home` varchar(20) DEFAULT NULL,
  `pincode` varchar(6) DEFAULT NULL,
  `creation_ts` timestamp NOT NULL DEFAULT CURRENT_TIMESTAMP,
  `update_ts` datetime DEFAULT NULL,
  PRIMARY KEY (`id`,`rev`),
  KEY `FK_qc4wx726ikp6es9mvs9q6dvkc` (`rev`),
  CONSTRAINT `FK_qc4wx726ikp6es9mvs9q6dvkc` FOREIGN KEY (`rev`) REFERENCES `revinfo` (`rev`)
) ENGINE=InnoDB DEFAULT CHARSET=utf8;
/*!40101 SET character_set_client = @saved_cs_client */;

--
-- Dumping data for table `staff_aud`
--

LOCK TABLES `staff_aud` WRITE;
/*!40000 ALTER TABLE `staff_aud` DISABLE KEYS */;
INSERT INTO `staff_aud` VALUES (1319,249,0,'2/4,Anjana Estate,village road,Bhandup west',1,2,'1972-03-03 00:00:00','rajol1972@gmail.com','\0','Rajinder Kaur',1,'Pabla','Harvinder Singh','','d41d8cd98f00b204e9800998ecf8427e','9833546481','','400078','2016-06-06 13:35:36',NULL),(1319,250,1,'2/4,Anjana Estate,village road,Bhandup west',1,2,'1972-03-03 00:00:00','rajol1972@gmail.com','','Rajinder Kaur',1,'Pabla','Harvinder Singh','','d41d8cd98f00b204e9800998ecf8427e','9833546481','','400078','2016-06-06 13:35:56',NULL);
/*!40000 ALTER TABLE `staff_aud` ENABLE KEYS */;
UNLOCK TABLES;

--
-- Table structure for table `staff_roles`
--

DROP TABLE IF EXISTS `staff_roles`;
/*!40101 SET @saved_cs_client     = @@character_set_client */;
/*!40101 SET character_set_client = utf8 */;
CREATE TABLE `staff_roles` (
  `staff` bigint(20) NOT NULL,
  `roles` bigint(20) NOT NULL,
  PRIMARY KEY (`staff`,`roles`),
  KEY `FK_fy2vt5j3j3aaj9jetuvo48xtg` (`roles`),
  CONSTRAINT `FK_fy2vt5j3j3aaj9jetuvo48xtg` FOREIGN KEY (`roles`) REFERENCES `user_role` (`id`),
  CONSTRAINT `FK_kj8oawiug47saqdvc1iduv6eb` FOREIGN KEY (`staff`) REFERENCES `staff` (`id`)
) ENGINE=InnoDB DEFAULT CHARSET=utf8;
/*!40101 SET character_set_client = @saved_cs_client */;

--
-- Dumping data for table `staff_roles`
--

LOCK TABLES `staff_roles` WRITE;
/*!40000 ALTER TABLE `staff_roles` DISABLE KEYS */;
/*!40000 ALTER TABLE `staff_roles` ENABLE KEYS */;
UNLOCK TABLES;

--
-- Table structure for table `staff_roles_aud`
--

DROP TABLE IF EXISTS `staff_roles_aud`;
/*!40101 SET @saved_cs_client     = @@character_set_client */;
/*!40101 SET character_set_client = utf8 */;
CREATE TABLE `staff_roles_aud` (
  `rev` int(11) NOT NULL,
  `staff` bigint(20) NOT NULL,
  `roles` bigint(20) NOT NULL,
  `revtype` tinyint(4) DEFAULT NULL,
  PRIMARY KEY (`rev`,`staff`,`roles`),
  CONSTRAINT `FK_8p9e3m5rwc6yk51c0j5n2opff` FOREIGN KEY (`rev`) REFERENCES `revinfo` (`rev`)
) ENGINE=InnoDB DEFAULT CHARSET=utf8;
/*!40101 SET character_set_client = @saved_cs_client */;

--
-- Dumping data for table `staff_roles_aud`
--

LOCK TABLES `staff_roles_aud` WRITE;
/*!40000 ALTER TABLE `staff_roles_aud` DISABLE KEYS */;
/*!40000 ALTER TABLE `staff_roles_aud` ENABLE KEYS */;
UNLOCK TABLES;

--
-- Table structure for table `transportation`
--

DROP TABLE IF EXISTS `transportation`;
/*!40101 SET @saved_cs_client     = @@character_set_client */;
/*!40101 SET character_set_client = utf8 */;
CREATE TABLE `transportation` (
  `id` bigint(20) NOT NULL AUTO_INCREMENT,
  `driver_name` varchar(80) NOT NULL,
  `notes` varchar(400) DEFAULT NULL,
  `van` varchar(80) DEFAULT NULL,
  `version` int(11) DEFAULT NULL,
  `creation_ts` timestamp NOT NULL DEFAULT CURRENT_TIMESTAMP,
  `update_ts` timestamp NOT NULL DEFAULT CURRENT_TIMESTAMP ON UPDATE CURRENT_TIMESTAMP,
  `start_date` date DEFAULT NULL,
  `end_date` date DEFAULT NULL,
  PRIMARY KEY (`id`),
  UNIQUE KEY `UK_nhiv8d3teu2tpd34kpi4wg4s9` (`driver_name`,`van`,`notes`)
) ENGINE=InnoDB AUTO_INCREMENT=869 DEFAULT CHARSET=utf8;
/*!40101 SET character_set_client = @saved_cs_client */;

--
-- Dumping data for table `transportation`
--

LOCK TABLES `transportation` WRITE;
/*!40000 ALTER TABLE `transportation` DISABLE KEYS */;
INSERT INTO `transportation` VALUES (1,'N.A.','N.A.','N.A.',1,'2016-05-17 10:41:03','2016-05-17 11:07:31',NULL,NULL),(817,'Avinash','Morning 8:30','Pickup ',2,'2016-05-17 10:41:03','2016-05-17 11:07:31',NULL,NULL),(818,'Mahesh','Noon 10:30 AM','Pickup ',4,'2016-05-17 10:41:03','2016-05-17 11:07:31',NULL,NULL),(819,'Nilesh','Morning ','Pickup ',3,'2016-05-17 10:41:03','2016-05-17 11:07:31',NULL,NULL),(820,'Nilesh','Noon ','Pickup',2,'2016-05-17 10:41:03','2016-05-17 11:07:31',NULL,NULL),(838,'Avinash','Morning 11:50 AM','Drop ',1,'2016-05-17 10:41:03','2016-05-17 11:07:31',NULL,NULL),(839,'Mahesh','Noon 2:PM','Drop',1,'2016-05-17 10:41:03','2016-05-17 11:07:31',NULL,NULL),(840,'Nilesh','Morning','Drop',0,'2016-05-17 10:41:03','2016-05-17 11:07:31',NULL,NULL),(841,'Nilesh','Noon','Drop',0,'2016-05-17 10:41:03','2016-05-17 11:07:31',NULL,NULL),(860,'Avinash ','Noon 10:30 AM',' Pick up\r\n',4,'2016-05-30 04:11:08','2016-06-10 07:30:39',NULL,NULL),(861,'Avinash','Noon 2:00 PM','Drop',1,'2016-05-30 04:30:49','2016-06-10 07:24:52',NULL,NULL),(862,'Avinash JI','Morning 8:15 AM ','PickUp ',7,'2016-05-30 08:55:21','2016-06-09 07:34:05',NULL,NULL),(864,'Avinash Ji','Morning 9:00 AM','Pickup ',3,'2016-05-30 08:57:00','2016-06-09 07:34:51',NULL,NULL),(865,'Avinash Ji','Noon 10:30 AM','Pickup ',5,'2016-05-30 08:57:29','2016-06-10 07:40:01',NULL,NULL),(866,'Avinash Ji','Morning 11:15 AM','Drop',2,'2016-05-30 08:59:31','2016-06-10 08:04:21',NULL,NULL),(867,'Avinash Ji','Noon 1:30 PM','Drop',0,'2016-05-30 09:01:41','2016-05-30 09:01:41',NULL,NULL),(868,'Avinash Ji','Noon 2:10 PM','Drop',0,'2016-05-30 09:02:11','2016-05-30 09:02:11',NULL,NULL);
/*!40000 ALTER TABLE `transportation` ENABLE KEYS */;
UNLOCK TABLES;

--
-- Table structure for table `transportation_aud`
--

DROP TABLE IF EXISTS `transportation_aud`;
/*!40101 SET @saved_cs_client     = @@character_set_client */;
/*!40101 SET character_set_client = utf8 */;
CREATE TABLE `transportation_aud` (
  `id` bigint(20) NOT NULL,
  `rev` int(11) NOT NULL,
  `revtype` tinyint(4) DEFAULT NULL,
  `driver_name` varchar(80) DEFAULT NULL,
  `notes` varchar(400) DEFAULT NULL,
  `van` varchar(80) DEFAULT NULL,
  `creation_ts` timestamp NOT NULL DEFAULT CURRENT_TIMESTAMP,
  `update_ts` datetime DEFAULT NULL,
  `start_date` date DEFAULT NULL,
  `end_date` date DEFAULT NULL,
  PRIMARY KEY (`id`,`rev`),
  KEY `FK_cysbpgif5wqu84d1hn7jh6dwb` (`rev`),
  CONSTRAINT `FK_cysbpgif5wqu84d1hn7jh6dwb` FOREIGN KEY (`rev`) REFERENCES `revinfo` (`rev`)
) ENGINE=InnoDB DEFAULT CHARSET=utf8;
/*!40101 SET character_set_client = @saved_cs_client */;

--
-- Dumping data for table `transportation_aud`
--

LOCK TABLES `transportation_aud` WRITE;
/*!40000 ALTER TABLE `transportation_aud` DISABLE KEYS */;
INSERT INTO `transportation_aud` VALUES (1,3,1,'N.A.','N.A.','N.A.','2016-05-17 16:11:05',NULL,NULL,NULL),(1,19,1,'N.A.','N.A.','N.A.','2016-05-21 05:40:11',NULL,NULL,NULL),(1,20,2,NULL,NULL,NULL,'2016-05-21 05:42:26',NULL,NULL,NULL),(1,21,1,'N.A.','N.A.','N.A.','2016-05-21 06:08:56',NULL,NULL,NULL),(1,22,1,'N.A.','N.A.','N.A.','2016-05-21 06:10:42',NULL,NULL,NULL),(1,24,1,'N.A.','N.A.','N.A.','2016-05-21 11:05:57',NULL,NULL,NULL),(1,26,1,'N.A.','N.A.','N.A.','2016-05-21 11:08:55',NULL,NULL,NULL),(1,27,1,'N.A.','N.A.','N.A.','2016-05-21 11:09:32',NULL,NULL,NULL),(1,28,1,'N.A.','N.A.','N.A.','2016-05-21 11:10:06',NULL,NULL,NULL),(1,29,1,'N.A.','N.A.','N.A.','2016-05-21 11:10:43',NULL,NULL,NULL),(1,30,1,'N.A.','N.A.','N.A.','2016-05-21 11:11:41',NULL,NULL,NULL),(1,31,1,'N.A.','N.A.','N.A.','2016-05-21 11:12:27',NULL,NULL,NULL),(1,32,1,'N.A.','N.A.','N.A.','2016-05-21 11:13:05',NULL,NULL,NULL),(1,40,1,'N.A.','N.A.','N.A.','2016-05-22 03:53:02',NULL,NULL,NULL),(1,41,1,'N.A.','N.A.','N.A.','2016-05-22 03:53:47',NULL,NULL,NULL),(1,42,1,'N.A.','N.A.','N.A.','2016-05-22 03:54:16',NULL,NULL,NULL),(1,43,1,'N.A.','N.A.','N.A.','2016-05-22 04:10:09',NULL,NULL,NULL),(1,44,1,'N.A.','N.A.','N.A.','2016-05-22 04:10:51',NULL,NULL,NULL),(1,45,1,'N.A.','N.A.','N.A.','2016-05-22 04:11:39',NULL,NULL,NULL),(1,46,1,'N.A.','N.A.','N.A.','2016-05-22 04:12:42',NULL,NULL,NULL),(1,51,1,'N.A.','N.A.','N.A.','2016-05-22 05:19:05',NULL,NULL,NULL),(1,85,1,'N.A.','N.A.','N.A.','2016-05-24 14:25:22',NULL,NULL,NULL),(1,87,1,'N.A.','N.A.','N.A.','2016-05-24 14:26:30',NULL,NULL,NULL),(1,91,1,'N.A.','N.A.','N.A.','2016-05-24 14:42:14',NULL,NULL,NULL),(1,92,1,'N.A.','N.A.','N.A.','2016-05-24 14:42:52',NULL,NULL,NULL),(1,93,1,'N.A.','N.A.','N.A.','2016-05-24 14:43:31',NULL,NULL,NULL),(1,94,1,'N.A.','N.A.','N.A.','2016-05-24 14:44:14',NULL,NULL,NULL),(1,95,1,'N.A.','N.A.','N.A.','2016-05-24 14:44:47',NULL,NULL,NULL),(1,96,1,'N.A.','N.A.','N.A.','2016-05-24 14:45:25',NULL,NULL,NULL),(1,97,1,'N.A.','N.A.','N.A.','2016-05-24 14:46:13',NULL,NULL,NULL),(1,98,1,'N.A.','N.A.','N.A.','2016-05-24 14:47:05',NULL,NULL,NULL),(1,99,1,'N.A.','N.A.','N.A.','2016-05-24 14:47:31',NULL,NULL,NULL),(1,100,1,'N.A.','N.A.','N.A.','2016-05-24 14:58:51',NULL,NULL,NULL),(1,101,1,'N.A.','N.A.','N.A.','2016-05-24 15:39:31',NULL,NULL,NULL),(1,102,1,'N.A.','N.A.','N.A.','2016-05-24 15:39:49',NULL,NULL,NULL),(1,103,1,'N.A.','N.A.','N.A.','2016-05-24 15:41:19',NULL,NULL,NULL),(1,104,1,'N.A.','N.A.','N.A.','2016-05-24 15:41:27',NULL,NULL,NULL),(1,107,1,'N.A.','N.A.','N.A.','2016-05-25 09:18:00',NULL,NULL,NULL),(1,111,1,'N.A.','N.A.','N.A.','2016-05-25 11:34:29',NULL,NULL,NULL),(1,112,1,'N.A.','N.A.','N.A.','2016-05-25 11:36:39',NULL,NULL,NULL),(1,113,1,'N.A.','N.A.','N.A.','2016-05-25 11:39:12',NULL,NULL,NULL),(1,115,1,'N.A.','N.A.','N.A.','2016-05-25 11:43:56',NULL,NULL,NULL),(1,116,1,'N.A.','N.A.','N.A.','2016-05-25 11:47:59',NULL,NULL,NULL),(1,117,1,'N.A.','N.A.','N.A.','2016-05-25 11:52:56',NULL,NULL,NULL),(1,118,1,'N.A.','N.A.','N.A.','2016-05-25 12:01:51',NULL,NULL,NULL),(1,119,1,'N.A.','N.A.','N.A.','2016-05-25 12:06:24',NULL,NULL,NULL),(1,120,1,'N.A.','N.A.','N.A.','2016-05-25 12:13:15',NULL,NULL,NULL),(1,121,1,'N.A.','N.A.','N.A.','2016-05-25 12:18:29',NULL,NULL,NULL),(1,122,1,'N.A.','N.A.','N.A.','2016-05-25 12:23:45',NULL,NULL,NULL),(1,123,1,'N.A.','N.A.','N.A.','2016-05-25 12:27:36',NULL,NULL,NULL),(1,124,1,'N.A.','N.A.','N.A.','2016-05-25 12:31:39',NULL,NULL,NULL),(1,125,1,'N.A.','N.A.','N.A.','2016-05-25 12:33:01',NULL,NULL,NULL),(1,126,1,'N.A.','N.A.','N.A.','2016-05-25 12:33:34',NULL,NULL,NULL),(1,127,1,'N.A.','N.A.','N.A.','2016-05-25 12:34:29',NULL,NULL,NULL),(1,128,1,'N.A.','N.A.','N.A.','2016-05-25 12:35:13',NULL,NULL,NULL),(1,129,1,'N.A.','N.A.','N.A.','2016-05-25 12:36:54',NULL,NULL,NULL),(1,131,1,'N.A.','N.A.','N.A.','2016-05-25 12:57:07',NULL,NULL,NULL),(1,132,1,'N.A.','N.A.','N.A.','2016-05-25 13:04:06',NULL,NULL,NULL),(1,135,1,'N.A.','N.A.','N.A.','2016-05-25 18:28:14',NULL,NULL,NULL),(1,138,1,'N.A.','N.A.','N.A.','2016-05-25 18:34:51',NULL,NULL,NULL),(1,149,1,'N.A.','N.A.','N.A.','2016-05-26 14:58:57',NULL,NULL,NULL),(1,152,1,'N.A.','N.A.','N.A.','2016-05-26 16:43:03',NULL,NULL,NULL),(1,153,1,'N.A.','N.A.','N.A.','2016-05-26 16:44:17',NULL,NULL,NULL),(1,158,1,'N.A.','N.A.','N.A.','2016-05-28 13:23:49',NULL,NULL,NULL),(1,190,1,'N.A.','N.A.','N.A.','2016-05-31 14:50:55',NULL,NULL,NULL),(1,191,1,'N.A.','N.A.','N.A.','2016-05-31 14:54:33',NULL,NULL,NULL),(1,194,1,'N.A.','N.A.','N.A.','2016-05-31 15:05:58',NULL,NULL,NULL),(1,198,1,'N.A.','N.A.','N.A.','2016-06-03 11:28:48',NULL,NULL,NULL),(1,202,1,'N.A.','N.A.','N.A.','2016-06-03 15:36:52',NULL,NULL,NULL),(1,226,1,'N.A.','N.A.','N.A.','2016-06-04 12:13:02',NULL,NULL,NULL),(1,228,1,'N.A.','N.A.','N.A.','2016-06-04 12:46:32',NULL,NULL,NULL),(1,232,1,'N.A.','N.A.','N.A.','2016-06-04 17:00:14',NULL,NULL,NULL),(1,235,1,'N.A.','N.A.','N.A.','2016-06-04 17:13:48',NULL,NULL,NULL),(1,238,1,'N.A.','N.A.','N.A.','2016-06-04 19:07:54',NULL,NULL,NULL),(1,239,1,'N.A.','N.A.','N.A.','2016-06-04 19:11:29',NULL,NULL,NULL),(1,240,1,'N.A.','N.A.','N.A.','2016-06-04 19:16:52',NULL,NULL,NULL),(1,241,1,'N.A.','N.A.','N.A.','2016-06-04 19:22:04',NULL,NULL,NULL),(1,242,1,'N.A.','N.A.','N.A.','2016-06-04 19:26:15',NULL,NULL,NULL),(1,246,1,'N.A.','N.A.','N.A.','2016-06-06 13:24:19',NULL,NULL,NULL),(1,248,1,'N.A.','N.A.','N.A.','2016-06-06 13:32:30',NULL,NULL,NULL),(1,255,1,'N.A.','N.A.','N.A.','2016-06-07 05:11:02',NULL,NULL,NULL),(1,259,1,'N.A.','N.A.','N.A.','2016-06-07 06:40:07',NULL,NULL,NULL),(1,261,1,'N.A.','N.A.','N.A.','2016-06-07 06:57:23',NULL,NULL,NULL),(1,278,1,'N.A.','N.A.','N.A.','2016-06-07 08:12:54',NULL,NULL,NULL),(1,281,1,'N.A.','N.A.','N.A.','2016-06-07 08:40:42',NULL,NULL,NULL),(1,283,1,'N.A.','N.A.','N.A.','2016-06-07 09:24:33',NULL,NULL,NULL),(1,285,1,'N.A.','N.A.','N.A.','2016-06-07 19:58:22',NULL,NULL,NULL),(1,286,1,'N.A.','N.A.','N.A.','2016-06-07 20:38:01',NULL,NULL,NULL),(1,289,1,'N.A.','N.A.','N.A.','2016-06-07 20:43:16',NULL,NULL,NULL),(1,290,1,'N.A.','N.A.','N.A.','2016-06-07 20:45:16',NULL,NULL,NULL),(1,294,1,'N.A.','N.A.','N.A.','2016-06-07 21:01:06',NULL,NULL,NULL),(1,295,1,'N.A.','N.A.','N.A.','2016-06-07 21:02:54',NULL,NULL,NULL),(1,301,1,'N.A.','N.A.','N.A.','2016-06-08 07:05:31',NULL,NULL,NULL),(1,303,1,'N.A.','N.A.','N.A.','2016-06-08 07:25:03',NULL,NULL,NULL),(1,305,1,'N.A.','N.A.','N.A.','2016-06-08 10:48:09',NULL,NULL,NULL),(1,307,1,'N.A.','N.A.','N.A.','2016-06-08 17:18:15',NULL,NULL,NULL),(1,309,1,'N.A.','N.A.','N.A.','2016-06-08 17:46:29',NULL,NULL,NULL),(1,311,1,'N.A.','N.A.','N.A.','2016-06-08 18:04:59',NULL,NULL,NULL),(1,314,1,'N.A.','N.A.','N.A.','2016-06-08 18:27:57',NULL,NULL,NULL),(1,317,1,'N.A.','N.A.','N.A.','2016-06-08 18:45:23',NULL,NULL,NULL),(1,319,1,'N.A.','N.A.','N.A.','2016-06-08 18:55:08',NULL,NULL,NULL),(1,321,1,'N.A.','N.A.','N.A.','2016-06-08 19:11:21',NULL,NULL,NULL),(1,323,1,'N.A.','N.A.','N.A.','2016-06-08 19:19:16',NULL,NULL,NULL),(1,325,1,'N.A.','N.A.','N.A.','2016-06-09 07:17:38',NULL,NULL,NULL),(1,326,1,'N.A.','N.A.','N.A.','2016-06-09 07:24:49',NULL,NULL,NULL),(1,327,1,'N.A.','N.A.','N.A.','2016-06-09 07:27:25',NULL,NULL,NULL),(1,336,1,'N.A.','N.A.','N.A.','2016-06-10 08:11:11',NULL,NULL,NULL),(1,337,1,'N.A.','N.A.','N.A.','2016-06-10 08:49:35',NULL,NULL,NULL),(1,338,1,'N.A.','N.A.','N.A.','2016-06-10 08:51:16',NULL,NULL,NULL),(1,341,1,'N.A.','N.A.','N.A.','2016-06-10 10:06:17',NULL,NULL,NULL),(1,342,1,'N.A.','N.A.','N.A.','2016-06-10 10:10:58',NULL,NULL,NULL),(1,343,1,'N.A.','N.A.','N.A.','2016-06-10 10:41:19',NULL,NULL,NULL),(1,344,1,'N.A.','N.A.','N.A.','2016-06-10 10:45:11',NULL,NULL,NULL),(1,345,1,'N.A.','N.A.','N.A.','2016-06-10 10:46:03',NULL,NULL,NULL),(1,346,1,'N.A.','N.A.','N.A.','2016-06-10 10:46:53',NULL,NULL,NULL),(1,347,1,'N.A.','N.A.','N.A.','2016-06-10 10:47:56',NULL,NULL,NULL),(1,349,1,'N.A.','N.A.','N.A.','2016-06-10 11:22:39',NULL,NULL,NULL),(1,352,1,'N.A.','N.A.','N.A.','2016-06-11 08:54:15',NULL,NULL,NULL),(1,354,1,'N.A.','N.A.','N.A.','2016-06-11 08:57:07',NULL,NULL,NULL),(1,356,1,'N.A.','N.A.','N.A.','2016-06-11 08:59:40',NULL,NULL,NULL),(1,362,1,'N.A.','N.A.','N.A.','2016-06-14 13:56:56',NULL,NULL,NULL),(817,2,1,'Avinash','Morning 8:30','Pickup ','2016-05-17 16:11:05',NULL,NULL,NULL),(817,20,2,NULL,NULL,NULL,'2016-05-21 05:42:25',NULL,NULL,NULL),(817,141,1,'Avinash','Morning 8:30','Pickup ','2016-05-26 06:47:53',NULL,NULL,NULL),(817,221,1,'Avinash','Morning 8:30','Pickup ','2016-06-04 10:50:43',NULL,NULL,NULL),(817,327,1,'Avinash','Morning 8:30','Pickup ','2016-06-09 07:27:25',NULL,NULL,NULL),(818,20,2,NULL,NULL,NULL,'2016-05-21 05:42:26',NULL,NULL,NULL),(819,20,2,NULL,NULL,NULL,'2016-05-21 05:42:25',NULL,NULL,NULL),(819,141,1,'Nilesh','Morning ','Pickup ','2016-05-26 06:47:53',NULL,NULL,NULL),(820,20,2,NULL,NULL,NULL,'2016-05-21 05:42:26',NULL,NULL,NULL),(838,2,1,'Avinash','Morning 11:50 AM','Drop ','2016-05-17 16:11:05',NULL,NULL,NULL),(838,20,2,NULL,NULL,NULL,'2016-05-21 05:42:25',NULL,NULL,NULL),(838,141,1,'Avinash','Morning 11:50 AM','Drop ','2016-05-26 06:47:53',NULL,NULL,NULL),(838,327,1,'Avinash','Morning 11:50 AM','Drop ','2016-06-09 07:27:25',NULL,NULL,NULL),(839,20,2,NULL,NULL,NULL,'2016-05-21 05:42:26',NULL,NULL,NULL),(840,3,1,'Nilesh','Morning','Drop','2016-05-17 16:11:05',NULL,NULL,NULL),(840,20,2,NULL,NULL,NULL,'2016-05-21 05:42:25',NULL,NULL,NULL),(840,141,1,'Nilesh','Morning','Drop','2016-05-26 06:47:53',NULL,NULL,NULL),(841,20,2,NULL,NULL,NULL,'2016-05-21 05:42:26',NULL,NULL,NULL),(860,159,0,'Avinash ','','Noon 10:30 pickup\r\nNoon 2:00','2016-05-30 04:11:08',NULL,NULL,NULL),(860,160,1,'Avinash ','','Noon 10:30 pickup\r\n','2016-05-30 04:30:09',NULL,NULL,NULL),(860,330,1,'Avinash ','pick up','Noon 10:30 \r\n','2016-06-10 06:58:17',NULL,NULL,NULL),(860,331,1,'Avinash ','Noon 10:30',' pick up\r\n','2016-06-10 07:23:35',NULL,NULL,NULL),(860,333,1,'Avinash ','Noon 10:30 AM',' Pick up\r\n','2016-06-10 07:30:39',NULL,NULL,NULL),(861,161,0,'Avinash','','Drop 2:00 PM','2016-05-30 04:30:49',NULL,NULL,NULL),(861,332,1,'Avinash','Noon 2:00 PM','Drop','2016-06-10 07:24:52',NULL,NULL,NULL),(861,338,1,'Avinash','Noon 2:00 PM','Drop','2016-06-10 08:51:16',NULL,NULL,NULL),(861,339,1,'Avinash','Noon 2:00 PM','Drop','2016-06-10 08:51:42',NULL,NULL,NULL),(861,340,1,'Avinash','Noon 2:00 PM','Drop','2016-06-10 08:52:23',NULL,NULL,NULL),(861,341,1,'Avinash','Noon 2:00 PM','Drop','2016-06-10 10:06:17',NULL,NULL,NULL),(861,342,1,'Avinash','Noon 2:00 PM','Drop','2016-06-10 10:10:58',NULL,NULL,NULL),(861,343,1,'Avinash','Noon 2:00 PM','Drop','2016-06-10 10:41:19',NULL,NULL,NULL),(861,346,1,'Avinash','Noon 2:00 PM','Drop','2016-06-10 10:46:53',NULL,NULL,NULL),(862,162,0,'Avinash JI','','','2016-05-30 08:55:21',NULL,NULL,NULL),(862,163,1,'Avinash JI','','PickUp 8 AM','2016-05-30 08:55:51',NULL,NULL,NULL),(862,166,1,'Avinash JI','8 AM','PickUp 8 AM','2016-05-30 08:57:51',NULL,NULL,NULL),(862,167,1,'Avinash JI','Morning 8 AM','PickUp ','2016-05-30 08:58:13',NULL,NULL,NULL),(862,176,1,'Avinash JI','Morning 9AM Batch','PickUp ','2016-05-30 09:04:44',NULL,NULL,NULL),(862,177,1,'Avinash JI','Morning 9 AM Batch','PickUp ','2016-05-30 09:05:17',NULL,NULL,NULL),(862,180,1,'Avinash JI','Morning 9 AM ','PickUp ','2016-05-30 09:06:27',NULL,NULL,NULL),(862,328,1,'Avinash JI','Morning 8:15 AM ','PickUp ','2016-06-09 07:34:05',NULL,NULL,NULL),(862,347,1,'Avinash JI','Morning 8:15 AM ','PickUp ','2016-06-10 10:47:56',NULL,NULL,NULL),(864,164,0,'Avinash Ji','','Pickup 9 AM','2016-05-30 08:57:00',NULL,NULL,NULL),(864,168,1,'Avinash Ji','Morning 9 AM','Pickup ','2016-05-30 08:58:34',NULL,NULL,NULL),(864,178,1,'Avinash Ji','Morning 9:30 AM','Pickup ','2016-05-30 09:05:45',NULL,NULL,NULL),(864,329,1,'Avinash Ji','Morning 9:00 AM','Pickup ','2016-06-09 07:34:52',NULL,NULL,NULL),(864,344,1,'Avinash Ji','Morning 9:00 AM','Pickup ','2016-06-10 10:45:11',NULL,NULL,NULL),(864,345,1,'Avinash Ji','Morning 9:00 AM','Pickup ','2016-06-10 10:46:03',NULL,NULL,NULL),(865,165,0,'Avinash Ji','','Pickup 10:30AM','2016-05-30 08:57:29',NULL,NULL,NULL),(865,169,1,'Avinash Ji','Morning 10:30 AM','Pickup ','2016-05-30 08:58:57',NULL,NULL,NULL),(865,172,1,'Avinash Ji','Noom 10:30 AM','Pickup ','2016-05-30 09:00:27',NULL,NULL,NULL),(865,173,1,'Avinash Ji','Noon 10:30 AM','Pickup ','2016-05-30 09:00:44',NULL,NULL,NULL),(865,179,1,'Avinash Ji','Noon 11:30 AM','Pickup ','2016-05-30 09:06:13',NULL,NULL,NULL),(865,334,1,'Avinash Ji','Noon 10:30 AM','Pickup ','2016-06-10 07:40:02',NULL,NULL,NULL),(865,336,1,'Avinash Ji','Noon 10:30 AM','Pickup ','2016-06-10 08:11:11',NULL,NULL,NULL),(865,337,1,'Avinash Ji','Noon 10:30 AM','Pickup ','2016-06-10 08:49:35',NULL,NULL,NULL),(865,338,1,'Avinash Ji','Noon 10:30 AM','Pickup ','2016-06-10 08:51:16',NULL,NULL,NULL),(865,341,1,'Avinash Ji','Noon 10:30 AM','Pickup ','2016-06-10 10:06:17',NULL,NULL,NULL),(865,342,1,'Avinash Ji','Noon 10:30 AM','Pickup ','2016-06-10 10:10:58',NULL,NULL,NULL),(865,343,1,'Avinash Ji','Noon 10:30 AM','Pickup ','2016-06-10 10:41:19',NULL,NULL,NULL),(865,346,1,'Avinash Ji','Noon 10:30 AM','Pickup ','2016-06-10 10:46:53',NULL,NULL,NULL),(866,170,0,'Avinash Ji','11:30 AM','Drop','2016-05-30 08:59:31',NULL,NULL,NULL),(866,171,1,'Avinash Ji','Morning 11:30 AM','Drop','2016-05-30 08:59:54',NULL,NULL,NULL),(866,221,1,'Avinash Ji','Morning 11:30 AM','Drop','2016-06-04 10:50:43',NULL,NULL,NULL),(866,335,1,'Avinash Ji','Morning 11:15 AM','Drop','2016-06-10 08:04:22',NULL,NULL,NULL),(866,344,1,'Avinash Ji','Morning 11:15 AM','Drop','2016-06-10 10:45:11',NULL,NULL,NULL),(866,345,1,'Avinash Ji','Morning 11:15 AM','Drop','2016-06-10 10:46:03',NULL,NULL,NULL),(866,347,1,'Avinash Ji','Morning 11:15 AM','Drop','2016-06-10 10:47:56',NULL,NULL,NULL),(867,174,0,'Avinash Ji','Noon 1:30 PM','Drop','2016-05-30 09:01:41',NULL,NULL,NULL),(867,336,1,'Avinash Ji','Noon 1:30 PM','Drop','2016-06-10 08:11:11',NULL,NULL,NULL),(867,337,1,'Avinash Ji','Noon 1:30 PM','Drop','2016-06-10 08:49:35',NULL,NULL,NULL),(867,339,1,'Avinash Ji','Noon 1:30 PM','Drop','2016-06-10 08:51:42',NULL,NULL,NULL),(867,340,1,'Avinash Ji','Noon 1:30 PM','Drop','2016-06-10 08:52:23',NULL,NULL,NULL),(868,175,0,'Avinash Ji','Noon 2:10 PM','Drop','2016-05-30 09:02:11',NULL,NULL,NULL);
/*!40000 ALTER TABLE `transportation_aud` ENABLE KEYS */;
UNLOCK TABLES;

--
-- Table structure for table `user_role`
--

DROP TABLE IF EXISTS `user_role`;
/*!40101 SET @saved_cs_client     = @@character_set_client */;
/*!40101 SET character_set_client = utf8 */;
CREATE TABLE `user_role` (
  `id` bigint(20) NOT NULL AUTO_INCREMENT,
  `notes` varchar(400) DEFAULT NULL,
  `role_name` varchar(20) NOT NULL,
  `version` int(11) DEFAULT NULL,
  `creation_ts` timestamp NOT NULL DEFAULT CURRENT_TIMESTAMP,
  `update_ts` timestamp NOT NULL DEFAULT CURRENT_TIMESTAMP ON UPDATE CURRENT_TIMESTAMP,
  PRIMARY KEY (`id`)
) ENGINE=InnoDB DEFAULT CHARSET=utf8;
/*!40101 SET character_set_client = @saved_cs_client */;

--
-- Dumping data for table `user_role`
--

LOCK TABLES `user_role` WRITE;
/*!40000 ALTER TABLE `user_role` DISABLE KEYS */;
/*!40000 ALTER TABLE `user_role` ENABLE KEYS */;
UNLOCK TABLES;

--
-- Table structure for table `user_role_aud`
--

DROP TABLE IF EXISTS `user_role_aud`;
/*!40101 SET @saved_cs_client     = @@character_set_client */;
/*!40101 SET character_set_client = utf8 */;
CREATE TABLE `user_role_aud` (
  `id` bigint(20) NOT NULL,
  `rev` int(11) NOT NULL,
  `revtype` tinyint(4) DEFAULT NULL,
  `notes` varchar(400) DEFAULT NULL,
  `role_name` varchar(20) DEFAULT NULL,
  `creation_ts` timestamp NOT NULL DEFAULT CURRENT_TIMESTAMP,
  `update_ts` datetime DEFAULT NULL,
  PRIMARY KEY (`id`,`rev`),
  KEY `FK_npql6fra9wk4ucgk2klgqkh1o` (`rev`),
  CONSTRAINT `FK_npql6fra9wk4ucgk2klgqkh1o` FOREIGN KEY (`rev`) REFERENCES `revinfo` (`rev`)
) ENGINE=InnoDB DEFAULT CHARSET=utf8;
/*!40101 SET character_set_client = @saved_cs_client */;

--
-- Dumping data for table `user_role_aud`
--

LOCK TABLES `user_role_aud` WRITE;
/*!40000 ALTER TABLE `user_role_aud` DISABLE KEYS */;
/*!40000 ALTER TABLE `user_role_aud` ENABLE KEYS */;
UNLOCK TABLES;

--
-- Table structure for table `user_role_users`
--

DROP TABLE IF EXISTS `user_role_users`;
/*!40101 SET @saved_cs_client     = @@character_set_client */;
/*!40101 SET character_set_client = utf8 */;
CREATE TABLE `user_role_users` (
  `user_role` bigint(20) NOT NULL,
  `users` bigint(20) NOT NULL,
  PRIMARY KEY (`user_role`,`users`),
  KEY `FK_1pvrp4h5088rhxhv2ijlrtr6u` (`users`),
  CONSTRAINT `FK_1pvrp4h5088rhxhv2ijlrtr6u` FOREIGN KEY (`users`) REFERENCES `staff` (`id`),
  CONSTRAINT `FK_61e3dhcivx0cepw6rytrjulgu` FOREIGN KEY (`user_role`) REFERENCES `user_role` (`id`)
) ENGINE=InnoDB DEFAULT CHARSET=utf8;
/*!40101 SET character_set_client = @saved_cs_client */;

--
-- Dumping data for table `user_role_users`
--

LOCK TABLES `user_role_users` WRITE;
/*!40000 ALTER TABLE `user_role_users` DISABLE KEYS */;
/*!40000 ALTER TABLE `user_role_users` ENABLE KEYS */;
UNLOCK TABLES;

--
-- Table structure for table `user_role_users_aud`
--

DROP TABLE IF EXISTS `user_role_users_aud`;
/*!40101 SET @saved_cs_client     = @@character_set_client */;
/*!40101 SET character_set_client = utf8 */;
CREATE TABLE `user_role_users_aud` (
  `rev` int(11) NOT NULL,
  `user_role` bigint(20) NOT NULL,
  `users` bigint(20) NOT NULL,
  `revtype` tinyint(4) DEFAULT NULL,
  PRIMARY KEY (`rev`,`user_role`,`users`),
  CONSTRAINT `FK_l3lvmejtq6y34p8b0e3nt053c` FOREIGN KEY (`rev`) REFERENCES `revinfo` (`rev`)
) ENGINE=InnoDB DEFAULT CHARSET=utf8;
/*!40101 SET character_set_client = @saved_cs_client */;

--
-- Dumping data for table `user_role_users_aud`
--

LOCK TABLES `user_role_users_aud` WRITE;
/*!40000 ALTER TABLE `user_role_users_aud` DISABLE KEYS */;
/*!40000 ALTER TABLE `user_role_users_aud` ENABLE KEYS */;
UNLOCK TABLES;

--
-- Dumping events for database 'kiddos'
--

--
-- Dumping routines for database 'kiddos'
--
/*!40103 SET TIME_ZONE=@OLD_TIME_ZONE */;

/*!40101 SET SQL_MODE=@OLD_SQL_MODE */;
/*!40014 SET FOREIGN_KEY_CHECKS=@OLD_FOREIGN_KEY_CHECKS */;
/*!40014 SET UNIQUE_CHECKS=@OLD_UNIQUE_CHECKS */;
/*!40101 SET CHARACTER_SET_CLIENT=@OLD_CHARACTER_SET_CLIENT */;
/*!40101 SET CHARACTER_SET_RESULTS=@OLD_CHARACTER_SET_RESULTS */;
/*!40101 SET COLLATION_CONNECTION=@OLD_COLLATION_CONNECTION */;
/*!40111 SET SQL_NOTES=@OLD_SQL_NOTES */;

-- Dump completed on 2016-06-14 20:17:57
